model_name,mode,epochs,best_val_top1,best_val_top5,final_val_top1,final_val_top5,best_val_loss,final_train_loss,fp32_top1,fp32_top5,fp32_loss,fp32_top1_top5_gap,int8_top1,int8_top5,int8_loss,int8_top1_top5_gap,quantization_drop_top1,fp32_size_mb,int8_size_mb,params_m,compression_ratio,param_efficiency_top1_per_m,macs,flops,fp32_latency_ms_per_image,fp32_throughput_img_per_s,int8_latency_ms_per_image,int8_throughput_img_per_s,avg_epoch_time_s,total_training_time_s,peak_gpu_mem_mb,avg_images_per_sec,avg_batch_time_s,avg_cpu_percent,avg_ram_used_mb,avg_gpu_power_w,avg_gpu_utilization_pct,avg_gpu_temp_c,total_gpu_energy_wh
alexnet_final_bottleneck_fire,fp32/qat/int8,146,49.81,74.5,49.3,74.27,2.778979429244995,2.662905282858934,49.205636978149414,74.2336630821228,2.165259838104248,25.02802610397339,49.7825026512146,74.8577892780304,2.1210803985595703,25.075286626815796,-0.5768656730651855,5.882292747497559,0.5461235046386719,0.506408,10.770993552803448,98.3594256014913,47282176,94564352,0.20799848553724587,4807.727313095902,0.27029489520937205,3699.662915296251,33.82551656226198,5674.70480799675,146.72412109375,2704.811181404877,0.024057977640300127,7.976047904191613,4506.29102732036,76.53642871016305,9.799952862798103,42.0859600023454,119.80313576176668
