model_name,mode,epochs,best_val_top1,best_val_top5,final_val_top1,final_val_top5,best_val_loss,final_train_loss,fp32_top1,fp32_top5,fp32_loss,fp32_top1_top5_gap,int8_top1,int8_top5,int8_loss,int8_top1_top5_gap,quantization_drop_top1,fp32_size_mb,int8_size_mb,params_m,compression_ratio,fp32_gzip_mb,int8_gzip_mb,fp32_gzip_ratio,int8_gzip_ratio,param_efficiency_top1_per_m,macs,flops,fp32_latency_ms_per_image,fp32_throughput_img_per_s,int8_latency_ms_per_image,int8_throughput_img_per_s,avg_epoch_time_s,total_training_time_s,peak_gpu_mem_mb,avg_images_per_sec,avg_batch_time_s,avg_cpu_percent,avg_ram_used_mb,avg_gpu_power_w,avg_gpu_utilization_pct,avg_gpu_temp_c,total_gpu_energy_wh
alexnet_final_fire_residual,fp32,319,51.22,74.98,50.3,74.32,2.7982644412994384,2.3754552114399874,50.251930952072144,74.28877353668213,2.1365163326263428,24.036842584609985,,,,,,8.094205856323242,0.7470588684082031,0.698664,10.834763093797394,7.374591827392578,0.6397190093994141,1.0975801842018824,1.1677921984990922,73.31134851659739,55236608,110473216,0.2497943805530667,4003.292619257135,,,54.01448707580566,20055.203530073166,143.90966796875,1812.228228807393,0.038417131632863186,19.265405405405406,5866.77218116554,65.84235648559238,5.586210722558821,43.94970892212222,354.19538091115925
