{
  "train_loss_bbox": [
    2.773410331339076,
    2.585103796530461,
    2.4413570328035217,
    2.379075264930725,
    2.360096281738097,
    2.344296491203677,
    2.3311623531839123,
    2.3175594306798373,
    2.30281660982952,
    2.291962744763508,
    2.2968929669707294,
    2.279107509719001,
    2.2747371117273967,
    2.269630934074881,
    2.2731092307878575,
    2.2753809774555447,
    2.251793438685689,
    2.264291445529403,
    2.251565851105584,
    2.2432102695179448,
    2.24760162934013,
    2.2532626560920677,
    2.244163252996362,
    2.2411760029585466,
    2.2378492127294125,
    2.2468843208994844,
    2.2439651878559648,
    2.23739962151661,
    2.237823103361084,
    2.236031530675105
  ],
  "train_loss_cls": [
    11.98925116442252,
    8.463900857731916,
    5.365494342932955,
    4.96972666984595,
    4.8848892912196655,
    4.820590883061506,
    4.7632824515374965,
    4.707231805405179,
    4.680214704983476,
    4.636645489384011,
    4.610024541818001,
    4.561424494020029,
    4.537697199807651,
    4.526803918737144,
    4.507704851132084,
    4.479770992804265,
    4.462585244201808,
    4.460355866012942,
    4.436250054548328,
    4.415324972677922,
    4.408969429034542,
    4.380879643343497,
    4.381996484655113,
    4.374654310567368,
    4.360296534340163,
    4.358213756856135,
    4.352501646677653,
    4.355207744543103,
    4.349721234547343,
    4.352725260729951
  ],
  "train_loss_total": [
    14.762661495761595,
    11.049004654262378,
    7.806851375736477,
    7.3488019347766755,
    7.244985572957763,
    7.164887374265183,
    7.094444804721409,
    7.024791236085017,
    6.9830313148129965,
    6.92860823414752,
    6.90691750878873,
    6.84053200373903,
    6.812434311535048,
    6.796434852812025,
    6.780814081919942,
    6.75515197025981,
    6.714378682887497,
    6.724647311542345,
    6.6878159056539115,
    6.6585352421958675,
    6.656571058374672,
    6.634142299435565,
    6.626159737651475,
    6.615830313525914,
    6.598145747069576,
    6.60509807775562,
    6.596466834533618,
    6.592607366059713,
    6.587544337908427,
    6.588756791405055
  ],
  "val_mAP": [
    0.00030781282112002373,
    0.0015798562671989202,
    0.0031780286226421595,
    0.00875268317759037,
    0.014144758693873882,
    0.018518872559070587,
    0.019909320399165154,
    0.02348283678293228,
    0.029932016506791115,
    0.03160300850868225,
    0.03961493819952011,
    0.04288152605295181,
    0.0434349961578846,
    0.04823678359389305,
    0.04595400020480156,
    0.05013610050082207,
    0.05214229226112366,
    0.057812660932540894,
    0.06121908128261566,
    0.06004609167575836,
    0.0649789422750473,
    0.06333117932081223,
    0.0650491788983345,
    0.06285923719406128,
    0.0692048892378807,
    0.06834384799003601,
    0.0693746879696846,
    0.0714186355471611,
    0.07058568298816681,
    0.07086092233657837
  ],
  "val_mAP50": [
    0.001374115003272891,
    0.0062348502688109875,
    0.009875375777482986,
    0.025271976366639137,
    0.03874659165740013,
    0.04832252487540245,
    0.05205804854631424,
    0.060435205698013306,
    0.0749262347817421,
    0.07805062085390091,
    0.09577592462301254,
    0.10518220067024231,
    0.10722456127405167,
    0.1158008873462677,
    0.11222068220376968,
    0.12228378653526306,
    0.1261654496192932,
    0.1381899118423462,
    0.14600014686584473,
    0.14419163763523102,
    0.15498164296150208,
    0.15083861351013184,
    0.15199239552021027,
    0.15064887702465057,
    0.16129615902900696,
    0.16012343764305115,
    0.16175048053264618,
    0.16584855318069458,
    0.1641821712255478,
    0.16427461802959442
  ],
  "epoch_time_s": [
    500.4551844596863,
    311.4294447898865,
    316.5354480743408,
    382.23670959472656,
    342.8274984359741,
    366.96344566345215,
    330.35020089149475,
    328.3369286060333,
    363.99399399757385,
    289.93836522102356,
    288.92119550704956,
    288.1066405773163,
    289.116991519928,
    289.72092485427856,
    290.32009267807007,
    288.7129089832306,
    287.3137001991272,
    289.32886147499084,
    285.1353290081024,
    285.73281598091125,
    285.70192885398865,
    289.926233291626,
    285.91293954849243,
    287.3291177749634,
    285.33144450187683,
    286.9385461807251,
    287.7388868331909,
    289.3699531555176,
    285.36792850494385,
    283.1302070617676
  ],
  "peak_gpu_mem_mb": [
    719.47021484375,
    719.193359375,
    721.8662109375,
    718.8271484375,
    718.361328125,
    719.25,
    719.1787109375,
    718.48681640625,
    719.18994140625,
    718.7880859375,
    720.41162109375,
    719.26220703125,
    720.4345703125,
    719.17138671875,
    718.83935546875,
    720.31884765625,
    719.2294921875,
    719.2001953125,
    719.21533203125,
    720.34375,
    719.958984375,
    719.2177734375,
    720.43017578125,
    719.27978515625,
    720.4873046875,
    719.16748046875,
    720.41845703125,
    719.16943359375,
    719.22265625,
    719.1923828125
  ],
  "lr": [
    5.5e-05,
    0.0001,
    9.968561049466214e-05,
    9.874639560909117e-05,
    9.719416651541837e-05,
    9.504844339512094e-05,
    9.23362099614142e-05,
    8.90915741234015e-05,
    8.535533905932738e-05,
    8.117449009293668e-05,
    7.660160382576683e-05,
    7.169418695587791e-05,
    6.651395309775837e-05,
    6.112604669781572e-05,
    5.5598223805165385e-05,
    5e-05,
    4.440177619483462e-05,
    3.887395330218428e-05,
    3.3486046902241643e-05,
    2.83058130441221e-05,
    2.3398396174233178e-05,
    1.8825509907063327e-05,
    1.4644660940672627e-05,
    1.0908425876598526e-05,
    7.663790038585793e-06,
    4.951556604879048e-06,
    2.805833484581621e-06,
    1.2536043909088134e-06,
    3.143895053378698e-07,
    0.0
  ],
  "images_per_sec": [
    33.089876005338844,
    53.17416280651501,
    52.316415430700054,
    43.32393928766822,
    48.304176518946065,
    45.12711060378322,
    50.12862094622797,
    50.43599594570765,
    45.495256166535476,
    57.115587264128045,
    57.31666716572181,
    57.47871679325614,
    57.27785113196492,
    57.15845346113406,
    57.04048881784782,
    57.358017202347746,
    57.63734896220694,
    57.23590766430131,
    58.07768562951184,
    57.95624119389322,
    57.9625068210974,
    57.117977259211706,
    57.919729083095,
    57.634256243287595,
    58.037767372292095,
    57.71270615405525,
    57.55217927704094,
    57.22777993850686,
    58.03034730202033,
    58.48899053143869
  ],
  "avg_batch_time_s": [
    0.4835315791881027,
    0.3008980142897454,
    0.30583135079646456,
    0.36931083052630587,
    0.3312342980057721,
    0.3545540537811132,
    0.3191789380594152,
    0.3172337474454428,
    0.3516850183551438,
    0.2801336862038875,
    0.27915091353338123,
    0.278363903939436,
    0.2793400884250512,
    0.27992359889302276,
    0.28050250500296625,
    0.27894967051519864,
    0.2775977779701712,
    0.27954479369564333,
    0.27549307150541297,
    0.2760703536047452,
    0.27604051097003734,
    0.28012196453297195,
    0.27624438603719076,
    0.27761267417870855,
    0.27568255507427714,
    0.2772353103195412,
    0.2780085863122618,
    0.27958449580243244,
    0.2757178053187863,
    0.2735557556152344
  ],
  "cpu_percent": [
    16.0,
    23.8,
    23.0,
    19.2,
    20.6,
    19.9,
    22.3,
    22.0,
    20.2,
    25.2,
    25.2,
    25.1,
    25.1,
    25.4,
    25.1,
    25.5,
    25.5,
    25.2,
    25.4,
    25.6,
    25.8,
    25.4,
    25.8,
    25.5,
    25.8,
    25.5,
    25.6,
    25.4,
    25.6,
    25.8
  ],