winograd_friendly,n,mean_fp32_top1,mean_quant_drop,mean_acc_per_mb
Not Winograd-friendly,7,41.23626266207014,1.4169657230377197,11.539812723912537
Winograd-friendly,15,40.58107101048032,1.249992847442627,49.22914423697956
