{
  "train_loss_bbox": [
    2.640510912678668,
    2.5014483239915637,
    2.494805079381823,
    2.486822255452474,
    2.4735541868900905,
    2.4660270345383797,
    2.455455259885189,
    2.44806962289672,
    2.434290822577361,
    2.4290998544094067,
    2.4224722585816316,
    2.41563313525656,
    2.414763466056418,
    2.408651173633078,
    2.403727596854242,
    2.4009054232334743,
    2.3922921339670817,
    2.390923645415744,
    2.3863863507330705,
    2.38542982875437,
    2.3865672201350114,
    2.3770695545823104,
    2.3763361783419255,
    2.3756893696992294,
    2.3769610448735925,
    2.374329487943419,
    2.3756418407827185,
    2.3691825933502493,
    2.374695618716991,
    2.370417860970981
  ],
  "train_loss_cls": [
    11.542159218719041,
    5.507716931237114,
    4.857344155611047,
    4.818693658579951,
    4.77295337299218,
    4.728519578141291,
    4.663063736468698,
    4.601270978577471,
    4.56506959459056,
    4.529235357017333,
    4.500618140593819,
    4.4749756087427555,
    4.452512790385076,
    4.428064178844581,
    4.40415009415668,
    4.393605947955219,
    4.373353981626207,
    4.366262836272014,
    4.351003258470176,
    4.338858195779404,
    4.3285135296807775,
    4.32303011175515,
    4.318704124810039,
    4.304060923995603,
    4.309134320014917,
    4.295059167705296,
    4.300233770683768,
    4.298019987834248,
    4.287978258225077,
    4.2908019644050786
  ],
  "train_loss_total": [
    14.182670131397709,
    8.009165255228679,
    7.35214923499287,
    7.305515914032425,
    7.24650755988227,
    7.19454661267967,
    7.118518996353886,
    7.04934060147419,
    6.999360417167921,
    6.958335211426739,
    6.92309039917545,
    6.890608743999316,
    6.867276256441494,
    6.836715352477659,
    6.807877691010923,
    6.794511371188694,
    6.765646115593288,
    6.757186481687758,
    6.737389609203246,
    6.724288024533774,
    6.7150807498157885,
    6.700099666337461,
    6.6950403031519645,
    6.679750293694832,
    6.6860953648885095,
    6.669388655648715,
    6.675875611466486,
    6.6672025811844975,
    6.662673876942067,
    6.66121982537606
  ],
  "val_mAP": [
    5.652707477565855e-05,
    7.263036241056398e-05,
    0.0002576409315224737,
    0.00025578029453754425,
    0.0006010765209794044,
    0.0014692884869873524,
    0.002647033194079995,
    0.003715787548571825,
    0.00463193841278553,
    0.005565716419368982,
    0.005552785936743021,
    0.005964508280158043,
    0.006284480448812246,
    0.007748764008283615,
    0.007202450651675463,
    0.007527807727456093,
    0.009006165899336338,
    0.009436874650418758,
    0.008968271315097809,
    0.010017788037657738,
    0.010632142424583435,
    0.010074707679450512,
    0.010442899540066719,
    0.011123212054371834,
    0.011718308553099632,
    0.011019748635590076,
    0.011474447324872017,
    0.011667155660688877,
    0.011549161747097969,
    0.011668266728520393
  ],
  "val_mAP50": [
    0.00027483038138598204,
    0.00036890560295432806,
    0.0010103961685672402,
    0.0012516597053036094,
    0.0026584251318126917,
    0.005843908991664648,
    0.00942817609757185,
    0.014611110091209412,
    0.017086176201701164,
    0.02099410630762577,
    0.02136778086423874,
    0.022512096911668777,
    0.02407689020037651,
    0.028529735282063484,
    0.027939021587371826,
    0.028099698945879936,
    0.033358003944158554,
    0.03515351191163063,
    0.034784041345119476,
    0.037894804030656815,
    0.04057323932647705,
    0.03805086016654968,
    0.03996119275689125,
    0.04157261550426483,
    0.043705184012651443,
    0.041166018694639206,
    0.04347679391503334,
    0.04454620182514191,
    0.0441487655043602,
    0.04402456805109978
  ],
  "epoch_time_s": [
    248.44645524024963,
    145.78771781921387,
    143.56498789787292,
    179.82291316986084,
    166.2158374786377,
    133.77287244796753,
    156.37217044830322,
    146.9952094554901,
    144.97983384132385,
    139.9667546749115,
    174.79621720314026,
    126.01392817497253,
    133.5532169342041,
    146.77042055130005,
    165.38478350639343,
    148.30550599098206,
    148.37143898010254,
    163.81412720680237,
    166.5875678062439,
    138.75510811805725,
    268.75069308280945,
    153.37965989112854,
    169.9855191707611,
    170.18505096435547,
    166.1900372505188,
    172.63039374351501,
    163.40029668807983,
    146.56630945205688,
    143.36230206489563,
    143.36989331245422
  ],
  "peak_gpu_mem_mb": [
    2716.72607421875,
    2713.994140625,
    2720.78564453125,
    2712.6591796875,
    2712.7109375,
    2713.626953125,
    2713.826171875,
    2717.5546875,
    2712.650390625,
    2717.75634765625,
    2712.208984375,
    2720.681640625,
    2716.62158203125,
    2713.5908203125,
    2713.74072265625,
    2717.68212890625,
    2716.591796875,
    2717.72119140625,
    2717.84716796875,
    2712.30419921875,
    2716.6337890625,
    2716.63232421875,
    2716.69775390625,
    2712.208984375,
    2713.7783203125,
    2713.74365234375,
    2712.623046875,
    2715.1630859375,
    2712.1845703125,
    2713.07275390625
  ],
  "lr": [
    5.5e-05,
    0.0001,
    9.968561049466214e-05,
    9.874639560909117e-05,
    9.719416651541837e-05,
    9.504844339512094e-05,
    9.23362099614142e-05,
    8.90915741234015e-05,
    8.535533905932738e-05,
    8.117449009293668e-05,
    7.660160382576683e-05,
    7.169418695587791e-05,
    6.651395309775837e-05,
    6.112604669781572e-05,
    5.5598223805165385e-05,
    5e-05,
    4.440177619483462e-05,
    3.887395330218428e-05,
    3.3486046902241643e-05,
    2.83058130441221e-05,
    2.3398396174233178e-05,
    1.8825509907063327e-05,
    1.4644660940672627e-05,
    1.0908425876598526e-05,
    7.663790038585793e-06,
    4.951556604879048e-06,
    2.805833484581621e-06,
    1.2536043909088134e-06,
    3.143895053378698e-07,
    0.0
  ],
  "images_per_sec": [
    66.65420113958298,
    113.58981571091924,
    115.34845816154146,
    92.09060018039756,
    99.62949530683751,
    123.79191458598005,
    105.90119682117447,
    112.65673256524961,
    114.2227823086377,
    118.31380986479581,
    94.73889232256506,
    131.4140447792894,
    123.99551564645871,
    112.82927403081095,
    100.13013077082647,
    111.661397123091,
    111.61177726543981,
    101.09018240590636,
    99.40717796697018,
    119.34695756144866,
    61.61844574256562,
    107.96737984524523,
    97.42006307822281,
    97.30584388089657,
    99.6449623212796,
    95.92748785943199,
    101.34620521290684,
    112.98640227696339,
    115.51153798091082,
    115.50542179667974
  ],
  "avg_batch_time_s": [
    0.24004488429009627,
    0.14085769837605205,
    0.13871013323465983,
    0.17374194509165297,
    0.16059501205665477,
    0.12924915212364013,
    0.15108422265536542,
    0.1420243569618262,
    0.14007713414620662,
    0.13523357939604977,
    0.1688852340126959,
    0.12175258760866911,
    0.12903692457411026,
    0.14180716961478265,
    0.15979206135883423,
    0.14329034395263968,
    0.14335404732377058,
    0.15827451904038875,
    0.16095417179347235,
    0.13406290639425822,
    0.2596625053940188,
    0.14819290810737057,
    0.16423721659010734,
    0.16443000093174442,
    0.16057008430001815,
    0.16679265095991788,
    0.1578746827904153,
    0.14160996082324337,
    0.13851430151197647,
    0.1385216360506804
  ],
  "cpu_percent": [
    9.9,
    15.9,
    16.4,
    14.1,
    13.2,
    16.8,
    14.5,
    15.5,
    15.6,
    16.0,
    15.2,
    17.1,
    16.0,
    15.0,
    14.0,
    16.0,
    15.0,
    14.1,
    14.5,
    16.4,
    8.7,
    15.5,
    14.0,
    14.7,
    14.5,
    14.9,
    14.4,
    16.3,
    17.2,
    15.8
  ],