{
  "model_name": "alexnet_tv",
  "mode": "fp32+qat+int8",
  "epochs": 1,
  "best_val_top1": 19.76,
  "best_val_top5": 45.51,
  "final_val_top1": 19.76,
  "final_val_top5": 45.51,
  "best_val_loss": 3.904860193634033,
  "final_train_loss": 4.238107804044721,
  "fp32_top1": 19.62716281414032,
  "fp32_top5": 45.42696475982666,
  "fp32_loss": 3.599759817123413,
  "fp32_top1_top5_gap": 25.79980194568634,
  "int8_top1": 23.493534326553345,
  "int8_top5": 49.1888552904129,
  "int8_loss": 3.4384660720825195,
  "int8_top1_top5_gap": 25.695320963859558,
  "quantization_drop_top1": -3.866371512413025,
  "fp32_size_mb": 661.7539577484131,
  "int8_size_mb": 55.33261299133301,
  "params_m": 57.82324,
  "compression_ratio": 11.95956456732066,
  "param_efficiency_top1_per_m": 0.3417311101902972,
  "macs": 94868416,
  "flops": 189736832,
  "fp32_latency_ms_per_image": 0.09575988730000518,
  "fp32_throughput_img_per_s": 10442.785890788595,
  "int8_latency_ms_per_image": 0.6211475882000059,
  "int8_throughput_img_per_s": 1609.923340277071,
  "avg_epoch_time_s": 47.118982553482056,
  "total_training_time_s": 95.66381525993347,
  "peak_gpu_mem_mb": 1767.77001953125
}