{
  "model_name": "alexnet_tv",
  "mode": "fp32+qat+int8",
  "epochs": null,
  "best_val_top1": null,
  "best_val_top5": null,
  "final_val_top1": null,
  "final_val_top5": null,
  "best_val_loss": null,
  "final_train_loss": null,
  "fp32_top1": 19.62716281414032,
  "fp32_top5": 45.42696475982666,
  "fp32_loss": 3.599761486053467,
  "fp32_top1_top5_gap": 25.79980194568634,
  "int8_top1": null,
  "int8_top5": null,
  "int8_loss": null,
  "int8_top1_top5_gap": null,
  "quantization_drop_top1": null,
  "fp32_size_mb": 661.7539577484131,
  "int8_size_mb": 55.33261299133301,
  "params_m": 57.82324,
  "compression_ratio": 11.95956456732066,
  "param_efficiency_top1_per_m": 0.3394338126701361,
  "macs": 94868416,
  "flops": 189736832,
  "fp32_latency_ms_per_image": 0.07678756779996547,
  "fp32_throughput_img_per_s": 13022.941455901273,
  "int8_latency_ms_per_image": null,
  "int8_throughput_img_per_s": null,
  "avg_epoch_time_s": null,
  "total_training_time_s": null,
  "peak_gpu_mem_mb": 0
}