{
  "config": {
    "epochs": 100,
    "lr": 0.0003,
    "weight_decay": 0.0005,
    "label_smoothing": 0.1,
    "grad_clip_norm": null,
    "use_amp": true,
    "early_stopping_patience": 5
  },
  "fp32_metrics": {
    "alexnet_tv": {
      "loss": 3.599761486053467,
      "top1": 19.62716281414032,
      "top5": 45.42696475982666
    },
    "vgg_style": {
      "loss": 4.159962177276611,
      "top1": 10.643164813518524,
      "top5": 30.417612195014954
    },
    "resnet18_tv": {
      "loss": 2.267026424407959,
      "top1": 46.95069491863251,
      "top5": 73.50143790245056
    },
    "mobilenetv2": {
      "loss": 2.3407180309295654,
      "top1": 45.80688774585724,
      "top5": 72.99935817718506
    }
  },
  "int8_metrics": {},
  "fp32_training_results": {},
  "qat_training_results": {}
}