model,precision,top1_%,top5_%,loss,params_M,size_MB
resnet18_tv,FP32,46.95069491863251,73.50143790245056,2.267026424407959,11.279112,129.20855903625488
mobilenetv2,FP32,45.80688774585724,72.99935817718506,2.3407180309295654,2.480072,28.751802444458008
alexnet_tv,FP32,19.62716281414032,45.42696475982666,3.599761486053467,57.82324,661.7539577484131
vgg_style,FP32,10.643164813518524,30.417612195014954,4.159962177276611,2.405288,27.58469009399414
