{
  "model_name": "mobilenetv2",
  "mode": "fp32+qat+int8",
  "epochs": 1,
  "best_val_top1": 45.83,
  "best_val_top5": 72.93,
  "final_val_top1": 45.83,
  "final_val_top5": 72.93,
  "best_val_loss": 2.823906470489502,
  "final_train_loss": 3.245237122389195,
  "fp32_top1": 45.82230746746063,
  "fp32_top5": 72.97176122665405,
  "fp32_loss": 2.340923309326172,
  "fp32_top1_top5_gap": 27.14945375919342,
  "int8_top1": null,
  "int8_top5": null,
  "int8_loss": null,
  "int8_top1_top5_gap": null,
  "quantization_drop_top1": null,
  "fp32_size_mb": 28.751802444458008,
  "int8_size_mb": null,
  "params_m": 2.480072,
  "compression_ratio": null,
  "param_efficiency_top1_per_m": 18.479302213806697,
  "macs": 25799936,
  "flops": 51599872,
  "fp32_latency_ms_per_image": 0.11482528270000786,
  "fp32_throughput_img_per_s": 8708.883413878428,
  "int8_latency_ms_per_image": null,
  "int8_throughput_img_per_s": null,
  "avg_epoch_time_s": 25.72817838191986,
  "total_training_time_s": 51.56504440307617,
  "peak_gpu_mem_mb": 1290.83056640625
}