{
  "model_name": "mobilenetv2",
  "mode": "fp32+qat+int8",
  "epochs": 27,
  "best_val_top1": 58.07,
  "best_val_top5": 81.5,
  "final_val_top1": 57.8,
  "final_val_top5": 81.28,
  "best_val_loss": 2.3661529296875,
  "final_train_loss": 2.13362482160457,
  "fp32_top1": 57.99558162689209,
  "fp32_top5": 81.51498436927795,
  "fp32_loss": 1.7545263767242432,
  "fp32_top1_top5_gap": 23.519402742385864,
  "int8_top1": null,
  "int8_top5": null,
  "int8_loss": null,
  "int8_top1_top5_gap": null,
  "quantization_drop_top1": null,
  "fp32_size_mb": 28.751924514770508,
  "int8_size_mb": null,
  "params_m": 2.480072,
  "compression_ratio": null,
  "param_efficiency_top1_per_m": 23.414642800692885,
  "macs": 25799936,
  "flops": 51599872,
  "fp32_latency_ms_per_image": 0.13218055479992472,
  "fp32_throughput_img_per_s": 7565.4093108751995,
  "int8_latency_ms_per_image": null,
  "int8_throughput_img_per_s": null,
  "avg_epoch_time_s": 32.87225328069745,
  "total_training_time_s": 1087.8419904708862,
  "peak_gpu_mem_mb": 536.681640625
}