{
  "model_name": "resnet18_tv",
  "mode": "fp32+qat+int8",
  "epochs": 1,
  "best_val_top1": 46.94,
  "best_val_top5": 73.53,
  "final_val_top1": 46.94,
  "final_val_top5": 73.53,
  "best_val_loss": 2.7814904651641847,
  "final_train_loss": 3.2253172850371423,
  "fp32_top1": 46.95069491863251,
  "fp32_top5": 73.50143790245056,
  "fp32_loss": 2.2670252323150635,
  "fp32_top1_top5_gap": 26.550742983818054,
  "int8_top1": null,
  "int8_top5": null,
  "int8_loss": null,
  "int8_top1_top5_gap": null,
  "quantization_drop_top1": null,
  "fp32_size_mb": 129.20855903625488,
  "int8_size_mb": null,
  "params_m": 11.279112,
  "compression_ratio": null,
  "param_efficiency_top1_per_m": 4.16167513896484,
  "macs": 148555776,
  "flops": 297111552,
  "fp32_latency_ms_per_image": 0.10973905500000002,
  "fp32_throughput_img_per_s": 9112.52607378476,
  "int8_latency_ms_per_image": null,
  "int8_throughput_img_per_s": null,
  "avg_epoch_time_s": 24.87969172000885,
  "total_training_time_s": 50.007609128952026,
  "peak_gpu_mem_mb": 1841.00244140625
}