{
  "model_name": "resnet18_tv",
  "mode": "fp32+qat+int8",
  "epochs": 15,
  "best_val_top1": 53.98,
  "best_val_top5": 77.8,
  "final_val_top1": 52.26,
  "final_val_top5": 76.84,
  "best_val_loss": 2.561282373046875,
  "final_train_loss": 2.1474861896902873,
  "fp32_top1": 53.91363501548767,
  "fp32_top5": 77.79748439788818,
  "fp32_loss": 1.9659439325332642,
  "fp32_top1_top5_gap": 23.883849382400513,
  "int8_top1": null,
  "int8_top5": null,
  "int8_loss": null,
  "int8_top1_top5_gap": null,
  "quantization_drop_top1": null,
  "fp32_size_mb": 129.20868110656738,
  "int8_size_mb": null,
  "params_m": 11.279112,
  "compression_ratio": null,
  "param_efficiency_top1_per_m": 4.7858377503477225,
  "macs": 148555776,
  "flops": 297111552,
  "fp32_latency_ms_per_image": 0.12763997450001624,
  "fp32_throughput_img_per_s": 7834.536193830661,
  "int8_latency_ms_per_image": null,
  "int8_throughput_img_per_s": null,
  "avg_epoch_time_s": 28.283485071999685,
  "total_training_time_s": 598.3862891197205,
  "peak_gpu_mem_mb": 541.72900390625
}