{
  "model_name": "vgg_style",
  "mode": "fp32+qat+int8",
  "epochs": null,
  "best_val_top1": null,
  "best_val_top5": null,
  "final_val_top1": null,
  "final_val_top5": null,
  "best_val_loss": null,
  "final_train_loss": null,
  "fp32_top1": 10.643164813518524,
  "fp32_top5": 30.417612195014954,
  "fp32_loss": 4.159962177276611,
  "fp32_top1_top5_gap": 19.77444738149643,
  "int8_top1": null,
  "int8_top5": null,
  "int8_loss": null,
  "int8_top1_top5_gap": null,
  "quantization_drop_top1": null,
  "fp32_size_mb": 27.58469009399414,
  "int8_size_mb": 2.3767032623291016,
  "params_m": 2.405288,
  "compression_ratio": 11.606282757807103,
  "param_efficiency_top1_per_m": 4.4249024705226665,
  "macs": 231086080,
  "flops": 462172160,
  "fp32_latency_ms_per_image": 0.09805002720004267,
  "fp32_throughput_img_per_s": 10198.875294137244,
  "int8_latency_ms_per_image": null,
  "int8_throughput_img_per_s": null,
  "avg_epoch_time_s": null,
  "total_training_time_s": null,
  "peak_gpu_mem_mb": 0
}