{
  "model_name": "vgg_style",
  "mode": "fp32+qat+int8",
  "epochs": 1,
  "best_val_top1": 10.59,
  "best_val_top5": 30.33,
  "final_val_top1": 10.59,
  "final_val_top5": 30.33,
  "best_val_loss": 4.403935466003418,
  "final_train_loss": 4.5433843834471395,
  "fp32_top1": 10.632294416427612,
  "fp32_top5": 30.417612195014954,
  "fp32_loss": 4.160061836242676,
  "fp32_top1_top5_gap": 19.78531777858734,
  "int8_top1": 14.468632638454437,
  "int8_top5": 37.02200949192047,
  "int8_loss": 3.905733823776245,
  "int8_top1_top5_gap": 22.553376853466034,
  "quantization_drop_top1": -3.836338222026825,
  "fp32_size_mb": 27.58469009399414,
  "int8_size_mb": 2.3767032623291016,
  "params_m": 2.405288,
  "compression_ratio": 11.606282757807103,
  "param_efficiency_top1_per_m": 4.402799165837937,
  "macs": 231086080,
  "flops": 462172160,
  "fp32_latency_ms_per_image": 0.1099938892999944,
  "fp32_throughput_img_per_s": 9091.414135494624,
  "int8_latency_ms_per_image": 1.1734473019999996,
  "int8_throughput_img_per_s": 852.1899520290519,
  "avg_epoch_time_s": 24.385350465774536,
  "total_training_time_s": 48.84973382949829,
  "peak_gpu_mem_mb": 888.25341796875
}