{
  "phase": "5",
  "title": "Final Analysis - Cross-Phase Study Summary",
  "phases_covered": [
    "Phase 1 - Baselines",
    "Phase 2 - AlexNet Variants",
    "Phase 3 - Compensation",
    "Phase 4 - Final Architecture"
  ],
  "best_fp32_overall": {
    "phase": "Phase 1 - Baselines",
    "model_name": "mobilenetv2",
    "fp32_top1": 57.99558162689209,
    "fp32_top5": 81.51498436927795,
    "params_m": 2.480072,
    "fp32_size_mb": 28.751924514770508,
    "winograd_friendly": false
  },
  "best_int8_overall": {
    "phase": "Phase 1 - Baselines",
    "model_name": "vgg_style",
    "int8_top1": 51.188743114471436,
    "int8_top5": 75.5200743675232,
    "int8_size_mb": 2.3767032623291016,
    "quantization_drop_top1": 0.626063346862793,
    "winograd_friendly": true
  },
  "most_quantization_stable": {
    "phase": "Phase 4 - Final Architecture",
    "model_name": "alexnet_final_bottleneck_fire",
    "fp32_top1": 42.28608012199402,
    "int8_top1": 44.00103688240051,
    "quantization_drop_top1": -1.7149567604064941,
    "winograd_friendly": true
  },
  "most_size_efficient": {
    "phase": "Phase 3 - Compensation",
    "model_name": "alexnet_depthwisesep",
    "fp32_size_mb": 3.6540164947509766,
    "int8_size_mb": 0.39975547790527344,
    "compression_ratio": 9.14062895122312,
    "param_efficiency_top1_per_m": 141.8181934122133,
    "accuracy_per_mb_fp32": 12.148278722197022,
    "winograd_friendly": true
  },
  "winograd_group_summary": [
    {
      "winograd_friendly": "Not Winograd-friendly",
      "n": 7,
      "mean_fp32_top1": 41.23626266207014,
      "mean_quant_drop": 1.4169657230377197,
      "mean_acc_per_mb": 11.539812723912537
    },
    {
      "winograd_friendly": "Winograd-friendly",
      "n": 15,
      "mean_fp32_top1": 40.58107101048032,
      "mean_quant_drop": 1.249992847442627,
      "mean_acc_per_mb": 49.22914423697956
    }
  ]
}