{
  "model_name": "alexnet_stacked",
  "mode": "fp32+qat+int8",
  "epochs": 92,
  "best_val_top1": 45.31,
  "best_val_top5": 70.97,
  "final_val_top1": 45.26,
  "final_val_top5": 71.17,
  "best_val_loss": 2.870623937225342,
  "final_train_loss": 2.5931334119094047,
  "fp32_top1": 45.21975517272949,
  "fp32_top5": 70.96072435379028,
  "fp32_loss": 2.35379695892334,
  "fp32_top1_top5_gap": 25.74096918106079,
  "int8_top1": 42.30971932411194,
  "int8_top5": 68.34551692008972,
  "int8_loss": 2.511702537536621,
  "int8_top1_top5_gap": 26.035797595977783,
  "quantization_drop_top1": 2.9100358486175537,
  "fp32_size_mb": 692.2550354003906,
  "int8_size_mb": 57.94155311584473,
  "params_m": 60.483976,
  "compression_ratio": 11.947471170065793,
  "param_efficiency_top1_per_m": 0.7491240324544802,
  "macs": 506085376,
  "flops": 1012170752,
  "fp32_latency_ms_per_image": 0.14289683739989414,
  "fp32_throughput_img_per_s": 6998.055507705315,
  "int8_latency_ms_per_image": 1.8061527960999229,
  "int8_throughput_img_per_s": 553.663013538682,
  "avg_epoch_time_s": 57.93596058475728,
  "total_training_time_s": 896.4323410987854,
  "peak_gpu_mem_mb": 2011.45068359375
}