{
  "model_name": "alexnet_2x2_fc",
  "mode": "fp32+qat+int8",
  "epochs": 28,
  "best_val_top1": 30.68,
  "best_val_top5": 56.12,
  "final_val_top1": 30.58,
  "final_val_top5": 55.64,
  "best_val_loss": 3.5458723922729494,
  "final_train_loss": 3.1770415007644153,
  "fp32_top1": 30.532345175743103,
  "fp32_top5": 56.028664112091064,
  "fp32_loss": 3.11851167678833,
  "fp32_top1_top5_gap": 25.49631893634796,
  "int8_top1": 31.539398431777954,
  "int8_top5": 57.15075135231018,
  "int8_loss": 3.077484607696533,
  "int8_top1_top5_gap": 25.611352920532227,
  "quantization_drop_top1": -1.007053256034851,
  "fp32_size_mb": 404.9503231048584,
  "int8_size_mb": 33.9323673248291,
  "params_m": 35.383368,
  "compression_ratio": 11.934042774803597,
  "param_efficiency_top1_per_m": 0.867074044505882,
  "macs": 70860800,
  "flops": 141721600,
  "fp32_latency_ms_per_image": 0.09844031050015474,
  "fp32_throughput_img_per_s": 10158.440123961496,
  "int8_latency_ms_per_image": 0.47615956209992877,
  "int8_throughput_img_per_s": 2100.136339990451,
  "avg_epoch_time_s": 30.378501835991354,
  "total_training_time_s": 1061.5551810264587,
  "peak_gpu_mem_mb": 1529.84716796875
}