{
  "model_name": "alexnet_2x2_gap",
  "mode": "fp32+qat+int8",
  "epochs": 44,
  "best_val_top1": 33.24,
  "best_val_top5": 58.95,
  "final_val_top1": 32.98,
  "final_val_top5": 58.82,
  "best_val_loss": 3.423458892059326,
  "final_train_loss": 3.51422968934983,
  "fp32_top1": 33.15201997756958,
  "fp32_top5": 58.94674062728882,
  "fp32_loss": 2.9859299659729004,
  "fp32_top1_top5_gap": 25.79472064971924,
  "int8_top1": 30.817538499832153,
  "int8_top5": 56.08581900596619,
  "int8_loss": 3.103276491165161,
  "int8_top1_top5_gap": 25.268280506134033,
  "quantization_drop_top1": 2.3344814777374268,
  "fp32_size_mb": 12.063150405883789,
  "int8_size_mb": 1.0401496887207031,
  "params_m": 1.052744,
  "compression_ratio": 11.597513835456176,
  "param_efficiency_top1_per_m": 31.574627829747786,
  "macs": 36542464,
  "flops": 73084928,
  "fp32_latency_ms_per_image": 0.09983890329967834,
  "fp32_throughput_img_per_s": 10016.135664054533,
  "int8_latency_ms_per_image": 0.35593027849972714,
  "int8_throughput_img_per_s": 2809.5390035797886,
  "avg_epoch_time_s": 21.09303594112396,
  "total_training_time_s": 363.57043075561523,
  "peak_gpu_mem_mb": 918.96484375
}