{
  "model_name": "alexnet_3x3_fc",
  "mode": "fp32+qat+int8",
  "epochs": 37,
  "best_val_top1": 35.85,
  "best_val_top5": 61.33,
  "final_val_top1": 34.96,
  "final_val_top5": 60.66,
  "best_val_loss": Infinity,
  "final_train_loss": 2.8125517275051917,
  "fp32_top1": 35.78716218471527,
  "fp32_top5": 61.28220558166504,
  "fp32_loss": 2.884495735168457,
  "fp32_top1_top5_gap": 25.495043396949768,
  "int8_top1": 36.18548810482025,
  "int8_top5": 62.16447353363037,
  "int8_loss": 2.858550548553467,
  "int8_top1_top5_gap": 25.97898542881012,
  "quantization_drop_top1": -0.39832592010498047,
  "fp32_size_mb": 659.2580509185791,
  "int8_size_mb": 55.1247501373291,
  "params_m": 57.605128,
  "compression_ratio": 11.959383929654242,
  "param_efficiency_top1_per_m": 0.6223404277480297,
  "macs": 222281728,
  "flops": 444563456,
  "fp32_latency_ms_per_image": 0.10269576369973947,
  "fp32_throughput_img_per_s": 9737.50000948225,
  "int8_latency_ms_per_image": 0.9193777138993027,
  "int8_throughput_img_per_s": 1087.692234521064,
  "avg_epoch_time_s": 47.241714116854546,
  "total_training_time_s": 48.39414858818054,
  "peak_gpu_mem_mb": 1953.94482421875
}