{
  "train_loss_bbox": [
    2.5086336329363395,
    2.498395716164999,
    2.4973739197864626,
    2.4966828740161398,
    2.4917752493982728,
    2.488583186743916
  ],
  "train_loss_cls": [
    4.680086246204837,
    4.637724224956715,
    4.6057997756534155,
    4.586184146669176,
    4.57214509692169,
    4.5672791840373606
  ],
  "train_loss_total": [
    7.188719879141177,
    7.136119941121714,
    7.103173695439878,
    7.082867020685315,
    7.0639203463199625,
    7.055862370781277
  ],
  "val_mAP": [
    0.0016798839205875993,
    0.002681908430531621,
    0.0036172231193631887,
    0.0033154559787362814,
    0.003924266435205936,
    0.004241787828505039
  ],
  "val_mAP50": [
    0.006738313473761082,
    0.010129004716873169,
    0.01389220543205738,
    0.013155375607311726,
    0.015236949548125267,
    0.016074446961283684
  ],
  "epoch_time_s": [
    1005.8985028266907,
    624.5404670238495,
    575.642683506012,
    607.5174312591553,
    626.5687024593353,
    612.0931165218353
  ],
  "peak_gpu_mem_mb": [
    4793.9609375,
    4792.39501953125,
    4796.9775390625,
    4791.95556640625,
    4793.7294921875,
    4791.94384765625
  ],
  "lr": [
    4.9999999999999996e-05,
    3.454915028125263e-05,
    2.0610737385376345e-05,
    9.549150281252631e-06,
    2.447174185242323e-06,
    0.0
  ],
  "images_per_sec": [
    16.46289357570818,
    26.51549559136513,
    28.76784587817496,
    27.2584771200348,
    26.42966355485136,
    27.054707123812676
  ],
  "avg_batch_time_s": [
    0.9718826114267543,
    0.6034207410858449,
    0.5561765058029101,
    0.5869733635354157,
    0.6053803888495993,
    0.5913943154800342
  ],
  "cpu_percent": [
    2.7,
    4.5,
    5.0,
    4.7,
    4.5,
    4.6
  ],
  "ram_used_mb": [
    4910.98828125,
    5107.8125,
    5717.96875,
    5447.99609375,
    5793.32421875,
    5010.1796875
  ],
  "total_time_s": 4054.4123504161835,
  "best_epoch": 9,
  "best_val_mAP": 0.004241787828505039
}