{
  "train_loss_bbox": [
    2.5667909048605657,
    2.4139484438919214,
    2.317157819535997,
    2.2698788711990137,
    2.2298534054687056,
    2.2113809500339525,
    2.199176922397337,
    2.18550767576061,
    2.1790888775949893,
    2.1755331668300903
  ],
  "train_loss_cls": [
    6.00991551588123,
    4.775045323026353,
    4.67143587121641,
    4.582288728474419,
    4.497509130072478,
    4.457740436775097,
    4.421905598893834,
    4.38302841808485,
    4.3752676125309895,
    4.366202916039361
  ],
  "train_loss_total": [
    8.576706420741795,
    7.188993766918275,
    6.988593690752407,
    6.852167599673432,
    6.727362535541184,
    6.669121386809049,
    6.6210825212911715,
    6.568536093845459,
    6.554356490125979,
    6.541736082869452
  ],
  "val_mAP": [
    0.0006209226557984948,
    0.0024627100210636854,
    0.005782971158623695,
    0.008151723071932793,
    0.010838979855179787,
    0.012105011381208897,
    0.013657557778060436,
    0.013303924351930618,
    0.01480545848608017,
    0.014835439622402191
  ],
  "val_mAP50": [
    0.0025123816449195147,
    0.009165016002953053,
    0.019357075914740562,
    0.025523444637656212,
    0.03272470831871033,
    0.036831632256507874,
    0.04028943553566933,
    0.03993847593665123,
    0.04330543056130409,
    0.04356013983488083
  ],
  "epoch_time_s": [
    315.75656485557556,
    152.76715898513794,
    137.4056577682495,
    144.25792407989502,
    158.04702877998352,
    164.64726662635803,
    145.8097903728485,
    142.9792366027832,
    127.77518439292908,
    127.60906553268433
  ],
  "peak_gpu_mem_mb": [
    1208.92822265625,
    1208.5263671875,
    1208.9375,
    1208.5625,
    1208.9306640625,
    1208.880859375,
    1208.8955078125,
    1209.4609375,
    1208.94091796875,
    1208.89697265625
  ],
  "lr": [
    9.755282581475769e-05,
    9.045084971874737e-05,
    7.938926261462366e-05,
    6.545084971874737e-05,
    4.9999999999999996e-05,
    3.454915028125263e-05,
    2.0610737385376345e-05,
    9.549150281252631e-06,
    2.447174185242323e-06,
    0.0
  ],
  "images_per_sec": [
    52.44546540964051,
    108.4002616138921,
    120.51905481163192,
    114.79438724508817,
    104.77893907802022,
    100.57865119364784,
    113.57262058778507,
    115.82101285102013,
    129.60263042215897,
    129.77134446422625
  ],
  "avg_batch_time_s": [
    0.3050788066237445,
    0.1476011197924038,
    0.13275908963115896,
    0.1393796367921691,
    0.15270244326568455,
    0.15907948466314786,
    0.14087902451482948,
    0.1381441899543799,
    0.12345428443761264,
    0.1232937831233665
  ],
  "cpu_percent": [
    4.2,
    7.9,
    9.7,
    9.4,
    8.0,
    7.6,
    8.9,
    9.5,
    11.1,
    10.1
  ],
  "ram_used_mb": [
    5451.7109375,
    5426.2109375,
    5560.88671875,
    5655.0703125,
    5587.72265625,
    5616.88671875,
    5812.41015625,
    5666.98828125,
    6005.8046875,
    5799.63671875
  ],
  "total_time_s": 1620.7067487239838,
  "best_epoch": 9,
  "best_val_mAP": 0.014835439622402191
}