{
  "fp32_baseline": {
    "top1": 44.390010833740234,
    "top5": 69.4456160068512,
    "params_m": 0.313641,
    "disk_mb": 3.6540164947509766,
    "size_mb_32": 1.1841373443603516,
    "macs": 19758080
  },
  "methods": [
    {
      "model": "alexnet_depthwisesep",
      "method": "int8",
      "precision": "int8",
      "fp32_baseline_acc": 44.390010833740234,
      "compressed_top1_acc": 43.65471303462982,
      "top5_acc": 69.4845199584961,
      "acc_drop_pp": 0.7352977991104126,
      "compression_ratio": 3.958851043071537,
      "fp32_size_mb": 1.1841373443603516,
      "compressed_size_mb": 0.29911136627197266,
      "latency_ms": 0.1274047237000559,
      "throughput_img_s": 7849.002540551494,
      "params_m": 0.313641,
      "acc_per_mb": 145.94802457268023,
      "training_time_hrs": null,
      "calibration_time_min": 0.013396206533313186,
      "top1_%": 43.65471303462982,
      "top5_%": 69.4845199584961,
      "size_MB": 0.29911136627197266,
      "notes": "fake-quant W8/A8 PTQ",
      "bits_map": null
    },
    {
      "model": "alexnet_depthwisesep",
      "method": "int4_ptq",
      "precision": "int4",
      "fp32_baseline_acc": 44.390010833740234,
      "compressed_top1_acc": 9.996488690376282,
      "top5_acc": 25.414791703224182,
      "acc_drop_pp": 34.39352214336395,
      "compression_ratio": 7.8105698191185216,
      "fp32_size_mb": 1.1841373443603516,
      "compressed_size_mb": 0.15160703659057617,
      "latency_ms": 0.13575609199997415,
      "throughput_img_s": 7366.151936667346,
      "params_m": 0.313641,
      "acc_per_mb": 65.93683852137018,
      "training_time_hrs": null,
      "calibration_time_min": 0.01973075966664813,
      "top1_%": 9.996488690376282,
      "top5_%": 25.414791703224182,
      "size_MB": 0.15160703659057617,
      "notes": "fake-quant W4/A8 PTQ, per-channel",
      "bits_map": null
    },
    {
      "model": "alexnet_depthwisesep",
      "method": "int4_qat",
      "precision": "int4",
      "fp32_baseline_acc": 44.390010833740234,
      "compressed_top1_acc": 41.32472276687622,
      "top5_acc": 67.38412380218506,
      "acc_drop_pp": 3.0652880668640137,
      "compression_ratio": 7.8105698191185216,
      "fp32_size_mb": 1.1841373443603516,
      "compressed_size_mb": 0.15160703659057617,
      "latency_ms": 0.1237924989000021,
      "throughput_img_s": 8078.033878351437,
      "params_m": 0.313641,
      "acc_per_mb": 272.5778677310084,
      "training_time_hrs": 0.010712688896391126,
      "calibration_time_min": null,
      "top1_%": 41.32472276687622,
      "top5_%": 67.38412380218506,
      "size_MB": 0.15160703659057617,
      "notes": "fake-quant W4/A8 QAT, per-channel",
      "bits_map": null
    },
    {
      "model": "alexnet_depthwisesep",
      "method": "mixed",
      "precision": "int4/8",
      "fp32_baseline_acc": 44.390010833740234,
      "compressed_top1_acc": 44.2691445350647,
      "top5_acc": 69.51059103012085,
      "acc_drop_pp": 0.12086629867553711,
      "compression_ratio": 7.502487922924239,
      "fp32_size_mb": 1.1841373443603516,
      "compressed_size_mb": 0.15783262252807617,
      "latency_ms": 0.09433485179997661,
      "throughput_img_s": 10600.53607886463,
      "params_m": 0.313641,
      "acc_per_mb": 280.48158755766633,
      "training_time_hrs": 5.960464477539063e-10,
      "calibration_time_min": null,
      "top1_%": 44.2691445350647,
      "top5_%": 69.51059103012085,
      "size_MB": 0.15783262252807617,
      "notes": "per-layer INT4/INT8 (3 hi / 8 lo)",
      "bits_map": {
        "features.0": 4,
        "features.3": 8,
        "features.7": 8,
        "features.10": 8,
        "features.14": 4,
        "features.17": 4,
        "features.20": 4,
        "features.23": 4,
        "features.26": 4,
        "features.29": 4,
        "classifier.1": 4
      }
    },
    {
      "model": "alexnet_depthwisesep",
      "method": "int2_qat",
      "precision": "int2",
      "fp32_baseline_acc": 44.390010833740234,
      "compressed_top1_acc": 9.482219815254211,
      "top5_acc": 25.78941583633423,
      "acc_drop_pp": 34.90779101848602,
      "compression_ratio": 15.209547170851362,
      "fp32_size_mb": 1.1841373443603516,
      "compressed_size_mb": 0.07785487174987793,
      "latency_ms": 0.10234139429994685,
      "throughput_img_s": 9771.217275671996,
      "params_m": 0.313641,
      "acc_per_mb": 121.79353201836183,
      "training_time_hrs": 0.1440333341889911,
      "calibration_time_min": null,
      "top1_%": 9.482219815254211,
      "top5_%": 25.78941583633423,
      "size_MB": 0.07785487174987793,
      "notes": "fake-quant W2/A8 QAT, per-channel",
      "bits_map": null
    },
    {
      "model": "alexnet_depthwisesep",
      "method": "ternary_qat",
      "precision": "ternary",
      "fp32_baseline_acc": 44.390010833740234,
      "compressed_top1_acc": 15.165412425994873,
      "top5_acc": 35.602372884750366,
      "acc_drop_pp": 29.22459840774536,
      "compression_ratio": 15.209547170851362,
      "fp32_size_mb": 1.1841373443603516,
      "compressed_size_mb": 0.07785487174987793,
      "latency_ms": 0.10211937069980195,
      "throughput_img_s": 9792.461441421117,
      "params_m": 0.313641,
      "acc_per_mb": 194.7907958119352,
      "training_time_hrs": 0.07662168946531084,
      "calibration_time_min": null,
      "top1_%": 15.165412425994873,
      "top5_%": 35.602372884750366,
      "size_MB": 0.07785487174987793,
      "notes": "weight-only TWN QAT (STE), per-channel, A=FP32",
      "bits_map": null
    },
    {
      "model": "alexnet_depthwisesep",
      "method": "binary_qat",
      "precision": "binary",
      "fp32_baseline_acc": 44.390010833740234,
      "compressed_top1_acc": 4.683564975857735,
      "top5_acc": 16.134560108184814,
      "acc_drop_pp": 39.7064458578825,
      "compression_ratio": 28.896347689488152,
      "fp32_size_mb": 1.1841373443603516,
      "compressed_size_mb": 0.04097878932952881,
      "latency_ms": 0.10846253390009224,
      "throughput_img_s": 9219.773538769867,
      "params_m": 0.313641,
      "acc_per_mb": 114.29241938299079,
      "training_time_hrs": 0.13829201969835495,
      "calibration_time_min": null,
      "top1_%": 4.683564975857735,
      "top5_%": 16.134560108184814,
      "size_MB": 0.04097878932952881,
      "notes": "weight-only BWN QAT (STE), per-channel, A=FP32",
      "bits_map": null
    }
  ],
  "train_time_hrs": {
    "int4_qat": 0.010712688896391126,
    "mixed": 5.960464477539063e-10,
    "int2_qat": 0.1440333341889911,
    "ternary_qat": 0.07662168946531084,
    "binary_qat": 0.13829201969835495
  }
}