{
  "fp32_baseline": {
    "top1": 43.976473808288574,
    "top5": 70.43158411979675,
    "params_m": 0.516152,
    "disk_mb": 5.989412307739258,
    "size_mb_32": 1.9601516723632812,
    "macs": 177670144
  },
  "methods": [
    {
      "model": "alexnet_fire",
      "method": "int8",
      "precision": "int8",
      "fp32_baseline_acc": 43.976473808288574,
      "compressed_top1_acc": 43.939316272735596,
      "top5_acc": 70.42886018753052,
      "acc_drop_pp": 0.037157535552978516,
      "compression_ratio": 3.9820982966258,
      "fp32_size_mb": 1.9601516723632812,
      "compressed_size_mb": 0.49224090576171875,
      "latency_ms": 0.24309630910001942,
      "throughput_img_s": 4113.595980548435,
      "params_m": 0.516152,
      "acc_per_mb": 89.26384572761512,
      "training_time_hrs": null,
      "calibration_time_min": 0.005098003666656344,
      "top1_%": 43.939316272735596,
      "top5_%": 70.42886018753052,
      "size_MB": 0.49224090576171875,
      "notes": "fake-quant W8/A8 PTQ",
      "bits_map": null
    },
    {
      "model": "alexnet_fire",
      "method": "int4_ptq",
      "precision": "int4",
      "fp32_baseline_acc": 43.976473808288574,
      "compressed_top1_acc": 37.71863579750061,
      "top5_acc": 64.72565531730652,
      "acc_drop_pp": 6.257838010787964,
      "compression_ratio": 7.91695427092321,
      "fp32_size_mb": 1.9601516723632812,
      "compressed_size_mb": 0.247589111328125,
      "latency_ms": 0.2382503664000069,
      "throughput_img_s": 4197.265318455229,
      "params_m": 0.516152,
      "acc_per_mb": 152.34367777794898,
      "training_time_hrs": null,
      "calibration_time_min": 0.005446432049999809,
      "top1_%": 37.71863579750061,
      "top5_%": 64.72565531730652,
      "size_MB": 0.247589111328125,
      "notes": "fake-quant W4/A8 PTQ, per-channel",
      "bits_map": null
    },
    {
      "model": "alexnet_fire",
      "method": "int4_qat",
      "precision": "int4",
      "fp32_baseline_acc": 43.976473808288574,
      "compressed_top1_acc": 44.255563616752625,
      "top5_acc": 70.58372497558594,
      "acc_drop_pp": -0.2790898084640503,
      "compression_ratio": 7.91695427092321,
      "fp32_size_mb": 1.9601516723632812,
      "compressed_size_mb": 0.247589111328125,
      "latency_ms": 0.2509608233999643,
      "throughput_img_s": 3984.685683017018,
      "params_m": 0.516152,
      "acc_per_mb": 178.74600130577468,
      "training_time_hrs": 0.11393636975023481,
      "calibration_time_min": null,
      "top1_%": 44.255563616752625,
      "top5_%": 70.58372497558594,
      "size_MB": 0.247589111328125,
      "notes": "fake-quant W4/A8 QAT, per-channel",
      "bits_map": null
    },
    {
      "model": "alexnet_fire",
      "method": "mixed",
      "precision": "int4/8",
      "fp32_baseline_acc": 43.976473808288574,
      "compressed_top1_acc": 44.69617307186127,
      "top5_acc": 71.13919258117676,
      "acc_drop_pp": -0.7196992635726929,
      "compression_ratio": 6.70671922313877,
      "fp32_size_mb": 1.9601516723632812,
      "compressed_size_mb": 0.292266845703125,
      "latency_ms": 0.3858573585999693,
      "throughput_img_s": 2591.6312795701588,
      "params_m": 0.516152,
      "acc_per_mb": 152.92933060653127,
      "training_time_hrs": 0.16636914246612125,
      "calibration_time_min": null,
      "top1_%": 44.69617307186127,
      "top5_%": 71.13919258117676,
      "size_MB": 0.292266845703125,
      "notes": "per-layer INT4/INT8 (5 hi / 11 lo)",
      "bits_map": {
        "features.0.squeeze.0": 4,
        "features.0.expand1.0": 4,
        "features.0.expand3.0": 8,
        "features.2.squeeze.0": 8,
        "features.2.expand1.0": 4,
        "features.2.expand3.0": 4,
        "features.4.squeeze.0": 8,
        "features.4.expand1.0": 4,
        "features.4.expand3.0": 4,
        "features.5.squeeze.0": 4,
        "features.5.expand1.0": 4,
        "features.5.expand3.0": 4,
        "features.6.squeeze.0": 8,
        "features.6.expand1.0": 4,
        "features.6.expand3.0": 4,
        "classifier.1": 8
      }
    }
  ],
  "train_time_hrs": {
    "int4_qat": 0.11393636975023481,
    "mixed": 0.16636914246612125
  }
}