{
  "fp32_baseline": {
    "top1": 49.793291091918945,
    "top5": 74.80218410491943,
    "params_m": 0.698664,
    "disk_mb": 8.093656539916992,
    "size_mb_32": 2.6517105102539062,
    "macs": 55236608
  },
  "methods": [
    {
      "model": "alexnet_final_fire_residual",
      "method": "int8",
      "precision": "int8",
      "fp32_baseline_acc": 49.793291091918945,
      "compressed_top1_acc": 49.75736141204834,
      "top5_acc": 74.84931945800781,
      "acc_drop_pp": 0.03592967987060547,
      "compression_ratio": 3.9797670983477036,
      "fp32_size_mb": 2.6517105102539062,
      "compressed_size_mb": 0.6662979125976562,
      "latency_ms": 0.19809225059998425,
      "throughput_img_s": 5048.153054807483,
      "params_m": 0.698664,
      "acc_per_mb": 74.67734848224612,
      "training_time_hrs": null,
      "calibration_time_min": 0.006338483666665221,
      "top1_%": 49.75736141204834,
      "top5_%": 74.84931945800781,
      "size_MB": 0.6662979125976562,
      "notes": "fake-quant W8/A8 PTQ",
      "bits_map": null
    },
    {
      "model": "alexnet_final_fire_residual",
      "method": "int4_ptq",
      "precision": "int4",
      "fp32_baseline_acc": 49.793291091918945,
      "compressed_top1_acc": 40.01106917858124,
      "top5_acc": 66.90070033073425,
      "acc_drop_pp": 9.782221913337708,
      "compression_ratio": 7.906212324560406,
      "fp32_size_mb": 2.6517105102539062,
      "compressed_size_mb": 0.33539581298828125,
      "latency_ms": 0.19373460490005526,
      "throughput_img_s": 5161.700463971755,
      "params_m": 0.698664,
      "acc_per_mb": 119.29507653090239,
      "training_time_hrs": null,
      "calibration_time_min": 0.00654173879999386,
      "top1_%": 40.01106917858124,
      "top5_%": 66.90070033073425,
      "size_MB": 0.33539581298828125,
      "notes": "fake-quant W4/A8 PTQ, per-channel",
      "bits_map": null
    },
    {
      "model": "alexnet_final_fire_residual",
      "method": "int2_qat",
      "precision": "int2",
      "fp32_baseline_acc": 49.793291091918945,
      "compressed_top1_acc": 28.976917266845703,
      "top5_acc": 55.681854486465454,
      "acc_drop_pp": 20.816373825073242,
      "compression_ratio": 15.603367003367003,
      "fp32_size_mb": 2.6517105102539062,
      "compressed_size_mb": 0.16994476318359375,
      "latency_ms": 0.13369203810034377,
      "throughput_img_s": 7479.876993493366,
      "params_m": 0.698664,
      "acc_per_mb": 170.50785634118967,
      "training_time_hrs": 0.20045032991303338,
      "calibration_time_min": null,
      "top1_%": 28.976917266845703,
      "top5_%": 55.681854486465454,
      "size_MB": 0.16994476318359375,
      "notes": "fake-quant W2/A8 QAT, per-channel",
      "bits_map": null
    },
    {
      "model": "alexnet_final_fire_residual",
      "method": "ternary_qat",
      "precision": "ternary",
      "fp32_baseline_acc": 49.793291091918945,
      "compressed_top1_acc": 36.537331342697144,
      "top5_acc": 62.364375591278076,
      "acc_drop_pp": 13.255959749221802,
      "compression_ratio": 15.603367003367003,
      "fp32_size_mb": 2.6517105102539062,
      "compressed_size_mb": 0.16994476318359375,
      "latency_ms": 0.09001068459983799,
      "throughput_img_s": 11109.792181291774,
      "params_m": 0.698664,
      "acc_per_mb": 214.99533529741862,
      "training_time_hrs": 0.15297971857918632,
      "calibration_time_min": null,
      "top1_%": 36.537331342697144,
      "top5_%": 62.364375591278076,
      "size_MB": 0.16994476318359375,
      "notes": "weight-only TWN QAT (STE), per-channel, A=FP32",
      "bits_map": null
    },
    {
      "model": "alexnet_final_fire_residual",
      "method": "binary_qat",
      "precision": "binary",
      "fp32_baseline_acc": 49.793291091918945,
      "compressed_top1_acc": 16.92291498184204,
      "top5_acc": 39.07678425312042,
      "acc_drop_pp": 32.870376110076904,
      "compression_ratio": 30.402816655003498,
      "fp32_size_mb": 2.6517105102539062,
      "compressed_size_mb": 0.08721923828125,
      "latency_ms": 0.08350828149996233,
      "throughput_img_s": 11974.860241860577,
      "params_m": 0.698664,
      "acc_per_mb": 194.0273191480056,
      "training_time_hrs": 0.12249718301826053,
      "calibration_time_min": null,
      "top1_%": 16.92291498184204,
      "top5_%": 39.07678425312042,
      "size_MB": 0.08721923828125,
      "notes": "weight-only BWN QAT (STE), per-channel, A=FP32",
      "bits_map": null
    }
  ],
  "train_time_hrs": {
    "int2_qat": 0.20045032991303338,
    "ternary_qat": 0.15297971857918632,
    "binary_qat": 0.12249718301826053
  }
}