{
  "fp32_baseline": {
    "top1": 44.62297856807709,
    "top5": 71.03633880615234,
    "params_m": 0.385,
    "disk_mb": 4.4917449951171875,
    "size_mb_32": 1.4580154418945312,
    "macs": 39512064
  },
  "methods": [
    {
      "model": "alexnet_bottleneck",
      "method": "int8",
      "precision": "int8",
      "fp32_baseline_acc": 44.62297856807709,
      "compressed_top1_acc": 44.23525035381317,
      "top5_acc": 70.65533399581909,
      "acc_drop_pp": 0.387728214263916,
      "compression_ratio": 3.971012987012987,
      "fp32_size_mb": 1.4580154418945312,
      "compressed_size_mb": 0.36716461181640625,
      "latency_ms": 0.12963757719999194,
      "throughput_img_s": 7713.812781746913,
      "params_m": 0.385,
      "acc_per_mb": 120.47797889610389,
      "training_time_hrs": null,
      "calibration_time_min": 0.005056848866661312,
      "top1_%": 44.23525035381317,
      "top5_%": 70.65533399581909,
      "size_MB": 0.36716461181640625,
      "notes": "fake-quant W8/A8 PTQ",
      "bits_map": null
    },
    {
      "model": "alexnet_bottleneck",
      "method": "int4_ptq",
      "precision": "int4",
      "fp32_baseline_acc": 44.62297856807709,
      "compressed_top1_acc": 35.324445366859436,
      "top5_acc": 62.18263506889343,
      "acc_drop_pp": 9.298533201217651,
      "compression_ratio": 7.866021815188311,
      "fp32_size_mb": 1.4580154418945312,
      "compressed_size_mb": 0.18535614013671875,
      "latency_ms": 0.11863197170005152,
      "throughput_img_s": 8429.430832763996,
      "params_m": 0.385,
      "acc_per_mb": 190.57607339473142,
      "training_time_hrs": null,
      "calibration_time_min": 0.005143811666675902,
      "top1_%": 35.324445366859436,
      "top5_%": 62.18263506889343,
      "size_MB": 0.18535614013671875,
      "notes": "fake-quant W4/A8 PTQ, per-channel",
      "bits_map": null
    },
    {
      "model": "alexnet_bottleneck",
      "method": "int4_qat",
      "precision": "int4",
      "fp32_baseline_acc": 44.62297856807709,
      "compressed_top1_acc": 44.337183237075806,
      "top5_acc": 70.71545124053955,
      "acc_drop_pp": 0.28579533100128174,
      "compression_ratio": 7.866021815188311,
      "fp32_size_mb": 1.4580154418945312,
      "compressed_size_mb": 0.18535614013671875,
      "latency_ms": 0.12737657489997217,
      "throughput_img_s": 7850.737082428948,
      "params_m": 0.385,
      "acc_per_mb": 239.1999704157234,
      "training_time_hrs": 0.009126443068186442,
      "calibration_time_min": null,
      "top1_%": 44.337183237075806,
      "top5_%": 70.71545124053955,
      "size_MB": 0.18535614013671875,
      "notes": "fake-quant W4/A8 QAT, per-channel",
      "bits_map": null
    },
    {
      "model": "alexnet_bottleneck",
      "method": "mixed",
      "precision": "int4/8",
      "fp32_baseline_acc": 44.62297856807709,
      "compressed_top1_acc": 44.60912048816681,
      "top5_acc": 70.62963247299194,
      "acc_drop_pp": 0.01385807991027832,
      "compression_ratio": 6.946494129620879,
      "fp32_size_mb": 1.4580154418945312,
      "compressed_size_mb": 0.20989227294921875,
      "latency_ms": 0.236101721399973,
      "throughput_img_s": 4235.462554319666,
      "params_m": 0.385,
      "acc_per_mb": 212.53340993148194,
      "training_time_hrs": 0.08265062689781189,
      "calibration_time_min": null,
      "top1_%": 44.60912048816681,
      "top5_%": 70.62963247299194,
      "size_MB": 0.20989227294921875,
      "notes": "per-layer INT4/INT8 (5 hi / 11 lo)",
      "bits_map": {
        "features.0.block.0": 4,
        "features.0.block.3": 4,
        "features.0.block.6": 8,
        "features.2.block.0": 8,
        "features.2.block.3": 8,
        "features.2.block.6": 8,
        "features.4.block.0": 4,
        "features.4.block.3": 4,
        "features.4.block.6": 4,
        "features.5.block.0": 4,
        "features.5.block.3": 4,
        "features.5.block.6": 4,
        "features.6.block.0": 4,
        "features.6.block.3": 4,
        "features.6.block.6": 8,
        "classifier.1": 4
      }
    }
  ],
  "train_time_hrs": {
    "int4_qat": 0.009126443068186442,
    "mixed": 0.08265062689781189
  }
}