{
  "fp32_baseline": {
    "top1": 43.976473808288574,
    "top5": 70.43158411979675,
    "params_m": 0.516152,
    "disk_mb": 5.989412307739258,
    "size_mb_32": 1.9601516723632812,
    "macs": 177670144
  },
  "methods": [
    {
      "model": "alexnet_fire",
      "method": "int8",
      "precision": "int8",
      "fp32_baseline_acc": 43.976473808288574,
      "compressed_top1_acc": 43.939316272735596,
      "top5_acc": 70.42886018753052,
      "acc_drop_pp": 0.037157535552978516,
      "compression_ratio": 3.9820982966258,
      "fp32_size_mb": 1.9601516723632812,
      "compressed_size_mb": 0.49224090576171875,
      "latency_ms": 0.4785588741000538,
      "throughput_img_s": 2089.607055935456,
      "params_m": 0.516152,
      "acc_per_mb": 89.26384572761512,
      "training_time_hrs": null,
      "calibration_time_min": 0.00911417458331319,
      "top1_%": 43.939316272735596,
      "top5_%": 70.42886018753052,
      "size_MB": 0.49224090576171875,
      "notes": "fake-quant W8/A8 PTQ",
      "bits_map": null
    },
    {
      "model": "alexnet_fire",
      "method": "int4_ptq",
      "precision": "int4",
      "fp32_baseline_acc": 43.976473808288574,
      "compressed_top1_acc": 37.71863579750061,
      "top5_acc": 64.72565531730652,
      "acc_drop_pp": 6.257838010787964,
      "compression_ratio": 7.91695427092321,
      "fp32_size_mb": 1.9601516723632812,
      "compressed_size_mb": 0.247589111328125,
      "latency_ms": 0.4719345513000007,
      "throughput_img_s": 2118.9378850210887,
      "params_m": 0.516152,
      "acc_per_mb": 152.34367777794898,
      "training_time_hrs": null,
      "calibration_time_min": 0.009308428033333864,
      "top1_%": 37.71863579750061,
      "top5_%": 64.72565531730652,
      "size_MB": 0.247589111328125,
      "notes": "fake-quant W4/A8 PTQ, per-channel",
      "bits_map": null
    },
    {
      "model": "alexnet_fire",
      "method": "int4_qat",
      "precision": "int4",
      "fp32_baseline_acc": 43.976473808288574,
      "compressed_top1_acc": 44.255563616752625,
      "top5_acc": 70.58372497558594,
      "acc_drop_pp": -0.2790898084640503,
      "compression_ratio": 7.91695427092321,
      "fp32_size_mb": 1.9601516723632812,
      "compressed_size_mb": 0.247589111328125,
      "latency_ms": 0.48379330260013376,
      "throughput_img_s": 2066.99843636844,
      "params_m": 0.516152,
      "acc_per_mb": 178.74600130577468,
      "training_time_hrs": 0.03316836502816942,
      "calibration_time_min": null,
      "top1_%": 44.255563616752625,
      "top5_%": 70.58372497558594,
      "size_MB": 0.247589111328125,
      "notes": "fake-quant W4/A8 QAT, per-channel",
      "bits_map": null
    },
    {
      "model": "alexnet_fire",
      "method": "mixed",
      "precision": "int4/8",
      "fp32_baseline_acc": 43.976473808288574,
      "compressed_top1_acc": 44.69617307186127,
      "top5_acc": 71.13919258117676,
      "acc_drop_pp": -0.7196992635726929,
      "compression_ratio": 6.70671922313877,
      "fp32_size_mb": 1.9601516723632812,
      "compressed_size_mb": 0.292266845703125,
      "latency_ms": 0.33169840439986725,
      "throughput_img_s": 3014.786886929023,
      "params_m": 0.516152,
      "acc_per_mb": 152.92933060653127,
      "training_time_hrs": 0.025899621513154773,
      "calibration_time_min": null,
      "top1_%": 44.69617307186127,
      "top5_%": 71.13919258117676,
      "size_MB": 0.292266845703125,
      "notes": "per-layer INT4/INT8 (5 hi / 11 lo)",
      "bits_map": {
        "features.0.squeeze.0": 4,
        "features.0.expand1.0": 4,
        "features.0.expand3.0": 8,
        "features.2.squeeze.0": 8,
        "features.2.expand1.0": 4,
        "features.2.expand3.0": 4,
        "features.4.squeeze.0": 8,
        "features.4.expand1.0": 4,
        "features.4.expand3.0": 4,
        "features.5.squeeze.0": 4,
        "features.5.expand1.0": 4,
        "features.5.expand3.0": 4,
        "features.6.squeeze.0": 8,
        "features.6.expand1.0": 4,
        "features.6.expand3.0": 4,
        "classifier.1": 8
      }
    },
    {
      "model": "alexnet_fire",
      "method": "int2_qat",
      "precision": "int2",
      "fp32_baseline_acc": 43.976473808288574,
      "compressed_top1_acc": 27.147138118743896,
      "top5_acc": 53.74428033828735,
      "acc_drop_pp": 16.829335689544678,
      "compression_ratio": 15.648262630569175,
      "fp32_size_mb": 1.9601516723632812,
      "compressed_size_mb": 0.12526321411132812,
      "latency_ms": 0.24688768420000995,
      "throughput_img_s": 4050.4248044623996,
      "params_m": 0.516152,
      "acc_per_mb": 216.7207532661327,
      "training_time_hrs": 0.3902617457177904,
      "calibration_time_min": null,
      "top1_%": 27.147138118743896,
      "top5_%": 53.74428033828735,
      "size_MB": 0.12526321411132812,
      "notes": "fake-quant W2/A8 QAT, per-channel",
      "bits_map": null
    },
    {
      "model": "alexnet_fire",
      "method": "ternary_qat",
      "precision": "ternary",
      "fp32_baseline_acc": 43.976473808288574,
      "compressed_top1_acc": 32.80951976776123,
      "top5_acc": 60.456329584121704,
      "acc_drop_pp": 11.166954040527344,
      "compression_ratio": 15.648262630569175,
      "fp32_size_mb": 1.9601516723632812,
      "compressed_size_mb": 0.12526321411132812,
      "latency_ms": 0.1579974383001172,
      "throughput_img_s": 6329.216541476408,
      "params_m": 0.516152,
      "acc_per_mb": 261.92462009318757,
      "training_time_hrs": 0.16911712957753075,
      "calibration_time_min": null,
      "top1_%": 32.80951976776123,
      "top5_%": 60.456329584121704,
      "size_MB": 0.12526321411132812,
      "notes": "weight-only TWN QAT (STE), per-channel, A=FP32",
      "bits_map": null
    },
    {
      "model": "alexnet_fire",
      "method": "binary_qat",
      "precision": "binary",
      "fp32_baseline_acc": 43.976473808288574,
      "compressed_top1_acc": 15.851357579231262,
      "top5_acc": 38.744109869003296,
      "acc_drop_pp": 28.125116229057312,
      "compression_ratio": 30.579462611955844,
      "fp32_size_mb": 1.9601516723632812,
      "compressed_size_mb": 0.06410026550292969,
      "latency_ms": 0.14348694889995386,
      "throughput_img_s": 6969.2749596149615,
      "params_m": 0.516152,
      "acc_per_mb": 247.29004560061892,
      "training_time_hrs": 0.18525983697838252,
      "calibration_time_min": null,
      "top1_%": 15.851357579231262,
      "top5_%": 38.744109869003296,
      "size_MB": 0.06410026550292969,
      "notes": "weight-only BWN QAT (STE), per-channel, A=FP32",
      "bits_map": null
    }
  ],
  "train_time_hrs": {
    "int4_qat": 0.03316836502816942,
    "mixed": 0.025899621513154773,
    "int2_qat": 0.3902617457177904,
    "ternary_qat": 0.16911712957753075,
    "binary_qat": 0.18525983697838252
  }
}