{
  "fp32_baseline": {
    "top1": 44.390010833740234,
    "top5": 69.4456160068512,
    "params_m": 0.313641,
    "disk_mb": 3.6540164947509766,
    "size_mb_32": 1.1841373443603516,
    "macs": 19758080
  },
  "methods": [
    {
      "model": "alexnet_depthwisesep",
      "method": "int8",
      "precision": "int8",
      "fp32_baseline_acc": 44.390010833740234,
      "compressed_top1_acc": 43.65471303462982,
      "top5_acc": 69.4845199584961,
      "acc_drop_pp": 0.7352977991104126,
      "compression_ratio": 3.958851043071537,
      "fp32_size_mb": 1.1841373443603516,
      "compressed_size_mb": 0.29911136627197266,
      "latency_ms": 0.10136212289999093,
      "throughput_img_s": 9865.618155873188,
      "params_m": 0.313641,
      "acc_per_mb": 145.94802457268023,
      "training_time_hrs": null,
      "calibration_time_min": 0.005132991916661922,
      "top1_%": 43.65471303462982,
      "top5_%": 69.4845199584961,
      "size_MB": 0.29911136627197266,
      "notes": "fake-quant W8/A8 PTQ",
      "bits_map": null
    },
    {
      "model": "alexnet_depthwisesep",
      "method": "int4_ptq",
      "precision": "int4",
      "fp32_baseline_acc": 44.390010833740234,
      "compressed_top1_acc": 9.996488690376282,
      "top5_acc": 25.414791703224182,
      "acc_drop_pp": 34.39352214336395,
      "compression_ratio": 7.8105698191185216,
      "fp32_size_mb": 1.1841373443603516,
      "compressed_size_mb": 0.15160703659057617,
      "latency_ms": 0.08664413149999746,
      "throughput_img_s": 11541.462562874549,
      "params_m": 0.313641,
      "acc_per_mb": 65.93683852137018,
      "training_time_hrs": null,
      "calibration_time_min": 0.00517345996666639,
      "top1_%": 9.996488690376282,
      "top5_%": 25.414791703224182,
      "size_MB": 0.15160703659057617,
      "notes": "fake-quant W4/A8 PTQ, per-channel",
      "bits_map": null
    },
    {
      "model": "alexnet_depthwisesep",
      "method": "int4_qat",
      "precision": "int4",
      "fp32_baseline_acc": 44.390010833740234,
      "compressed_top1_acc": 41.32472276687622,
      "top5_acc": 67.38412380218506,
      "acc_drop_pp": 3.0652880668640137,
      "compression_ratio": 7.8105698191185216,
      "fp32_size_mb": 1.1841373443603516,
      "compressed_size_mb": 0.15160703659057617,
      "latency_ms": 0.12113850629993976,
      "throughput_img_s": 8255.013459749893,
      "params_m": 0.313641,
      "acc_per_mb": 272.5778677310084,
      "training_time_hrs": 0.13202075507905747,
      "calibration_time_min": null,
      "top1_%": 41.32472276687622,
      "top5_%": 67.38412380218506,
      "size_MB": 0.15160703659057617,
      "notes": "fake-quant W4/A8 QAT, per-channel",
      "bits_map": null
    },
    {
      "model": "alexnet_depthwisesep",
      "method": "mixed",
      "precision": "int4/8",
      "fp32_baseline_acc": 44.390010833740234,
      "compressed_top1_acc": 44.2691445350647,
      "top5_acc": 69.51059103012085,
      "acc_drop_pp": 0.12086629867553711,
      "compression_ratio": 7.502487922924239,
      "fp32_size_mb": 1.1841373443603516,
      "compressed_size_mb": 0.15783262252807617,
      "latency_ms": 0.11362626199997976,
      "throughput_img_s": 8800.782340267237,
      "params_m": 0.313641,
      "acc_per_mb": 280.48158755766633,
      "training_time_hrs": 0.18031121459272173,
      "calibration_time_min": null,
      "top1_%": 44.2691445350647,
      "top5_%": 69.51059103012085,
      "size_MB": 0.15783262252807617,
      "notes": "per-layer INT4/INT8 (3 hi / 8 lo)",
      "bits_map": {
        "features.0": 4,
        "features.3": 8,
        "features.7": 8,
        "features.10": 8,
        "features.14": 4,
        "features.17": 4,
        "features.20": 4,
        "features.23": 4,
        "features.26": 4,
        "features.29": 4,
        "classifier.1": 4
      }
    }
  ],
  "train_time_hrs": {
    "int4_qat": 0.13202075507905747,
    "mixed": 0.18031121459272173
  }
}