{
  "config": {
    "epochs": 100,
    "lr": 0.0003,
    "weight_decay": 0.0005,
    "label_smoothing": 0.1,
    "grad_clip_norm": null,
    "use_amp": true,
    "early_stopping_patience": 5
  },
  "phase": "4.1",
  "title": "Aggressive Model Compression",
  "models": [
    "mobilenetv2",
    "alexnet_bottleneck",
    "alexnet_fire",
    "alexnet_depthwisesep",
    "alexnet_final_fire_residual"
  ],
  "methods": [
    "int8",
    "int4_ptq",
    "int4_qat",
    "mixed"
  ],
  "fp32_baseline": {
    "mobilenetv2": {
      "top1": 57.99558162689209,
      "top5": 81.51498436927795,
      "params_m": 2.480072,
      "disk_mb": 28.751924514770508,
      "size_mb_32": 9.362556457519531,
      "macs": 25799936
    },
    "alexnet_bottleneck": {
      "top1": 44.62297856807709,
      "top5": 71.03633880615234,
      "params_m": 0.385,
      "disk_mb": 4.4917449951171875,
      "size_mb_32": 1.4580154418945312,
      "macs": 39512064
    },
    "alexnet_fire": {
      "top1": 43.976473808288574,
      "top5": 70.43158411979675,
      "params_m": 0.516152,
      "disk_mb": 5.989412307739258,
      "size_mb_32": 1.9601516723632812,
      "macs": 177670144
    },
    "alexnet_depthwisesep": {
      "top1": 44.390010833740234,
      "top5": 69.4456160068512,
      "params_m": 0.313641,
      "disk_mb": 3.6540164947509766,
      "size_mb_32": 1.1841373443603516,
      "macs": 19758080
    },
    "alexnet_final_fire_residual": {
      "top1": 49.793291091918945,
      "top5": 74.80218410491943,
      "params_m": 0.698664,
      "disk_mb": 8.093656539916992,
      "size_mb_32": 2.6517105102539062,
      "macs": 55236608
    }
  },
  "rows": [
    {
      "model": "mobilenetv2",
      "method": "int8",
      "precision": "int8",
      "fp32_baseline_acc": 57.99558162689209,
      "compressed_top1_acc": 55.413031578063965,
      "top5_acc": 79.93391156196594,
      "acc_drop_pp": 2.582550048828125,
      "compression_ratio": 3.958494753378128,
      "fp32_size_mb": 9.362556457519531,
      "compressed_size_mb": 2.3651809692382812,
      "latency_ms": 0.28945623949994115,
      "throughput_img_s": 3454.753650249793,
      "params_m": 2.480072,
      "acc_per_mb": 23.428664571028584,
      "training_time_hrs": null,
      "calibration_time_min": 0.008523605833321806,
      "top1_%": 55.413031578063965,
      "top5_%": 79.93391156196594,
      "size_MB": 2.3651809692382812,
      "notes": "fake-quant W8/A8 PTQ"
    },
    {
      "model": "alexnet_bottleneck",
      "method": "int8",
      "precision": "int8",
      "fp32_baseline_acc": 44.62297856807709,
      "compressed_top1_acc": 44.23525035381317,
      "top5_acc": 70.65533399581909,
      "acc_drop_pp": 0.387728214263916,
      "compression_ratio": 3.971012987012987,
      "fp32_size_mb": 1.4580154418945312,
      "compressed_size_mb": 0.36716461181640625,
      "latency_ms": 0.12963757719999194,
      "throughput_img_s": 7713.812781746913,
      "params_m": 0.385,
      "acc_per_mb": 120.47797889610389,
      "training_time_hrs": null,
      "calibration_time_min": 0.005056848866661312,
      "top1_%": 44.23525035381317,
      "top5_%": 70.65533399581909,
      "size_MB": 0.36716461181640625,
      "notes": "fake-quant W8/A8 PTQ"
    },
    {
      "model": "alexnet_fire",
      "method": "int8",
      "precision": "int8",
      "fp32_baseline_acc": 43.976473808288574,
      "compressed_top1_acc": 43.939316272735596,
      "top5_acc": 70.42886018753052,
      "acc_drop_pp": 0.037157535552978516,
      "compression_ratio": 3.9820982966258,
      "fp32_size_mb": 1.9601516723632812,
      "compressed_size_mb": 0.49224090576171875,
      "latency_ms": 0.24309630910001942,
      "throughput_img_s": 4113.595980548435,
      "params_m": 0.516152,
      "acc_per_mb": 89.26384572761512,
      "training_time_hrs": null,
      "calibration_time_min": 0.005098003666656344,
      "top1_%": 43.939316272735596,
      "top5_%": 70.42886018753052,
      "size_MB": 0.49224090576171875,
      "notes": "fake-quant W8/A8 PTQ"
    },
    {
      "model": "alexnet_depthwisesep",
      "method": "int8",
      "precision": "int8",
      "fp32_baseline_acc": 44.390010833740234,
      "compressed_top1_acc": 43.65471303462982,
      "top5_acc": 69.4845199584961,
      "acc_drop_pp": 0.7352977991104126,
      "compression_ratio": 3.958851043071537,
      "fp32_size_mb": 1.1841373443603516,
      "compressed_size_mb": 0.29911136627197266,
      "latency_ms": 0.10136212289999093,
      "throughput_img_s": 9865.618155873188,
      "params_m": 0.313641,
      "acc_per_mb": 145.94802457268023,
      "training_time_hrs": null,
      "calibration_time_min": 0.005132991916661922,
      "top1_%": 43.65471303462982,
      "top5_%": 69.4845199584961,
      "size_MB": 0.29911136627197266,
      "notes": "fake-quant W8/A8 PTQ"
    },
    {
      "model": "alexnet_final_fire_residual",
      "method": "int8",
      "precision": "int8",
      "fp32_baseline_acc": 49.793291091918945,
      "compressed_top1_acc": 49.75736141204834,
      "top5_acc": 74.84931945800781,
      "acc_drop_pp": 0.03592967987060547,
      "compression_ratio": 3.9797670983477036,
      "fp32_size_mb": 2.6517105102539062,
      "compressed_size_mb": 0.6662979125976562,
      "latency_ms": 0.12436256600003616,
      "throughput_img_s": 8041.004879231176,
      "params_m": 0.698664,
      "acc_per_mb": 74.67734848224612,
      "training_time_hrs": null,
      "calibration_time_min": 0.005679614033336596,
      "top1_%": 49.75736141204834,
      "top5_%": 74.84931945800781,
      "size_MB": 0.6662979125976562,
      "notes": "fake-quant W8/A8 PTQ"
    },
    {
      "model": "mobilenetv2",
      "method": "int4_ptq",
      "precision": "int4",
      "fp32_baseline_acc": 57.99558162689209,
      "compressed_top1_acc": 3.5026047378778458,
      "top5_acc": 11.595746874809265,
      "acc_drop_pp": 54.492976889014244,
      "compression_ratio": 7.80895201369401,
      "fp32_size_mb": 9.362556457519531,
      "compressed_size_mb": 1.1989517211914062,
      "latency_ms": 0.28238170869999524,
      "throughput_img_s": 3541.305860792877,
      "params_m": 2.480072,
      "acc_per_mb": 2.9213893069833405,
      "training_time_hrs": null,
      "calibration_time_min": 0.008308011516661887,
      "top1_%": 3.5026047378778458,
      "top5_%": 11.595746874809265,
      "size_MB": 1.1989517211914062,
      "notes": "fake-quant W4/A8 PTQ, per-channel"
    },
    {
      "model": "alexnet_bottleneck",
      "method": "int4_ptq",
      "precision": "int4",
      "fp32_baseline_acc": 44.62297856807709,
      "compressed_top1_acc": 35.324445366859436,
      "top5_acc": 62.18263506889343,
      "acc_drop_pp": 9.298533201217651,
      "compression_ratio": 7.866021815188311,
      "fp32_size_mb": 1.4580154418945312,
      "compressed_size_mb": 0.18535614013671875,
      "latency_ms": 0.11863197170005152,
      "throughput_img_s": 8429.430832763996,
      "params_m": 0.385,
      "acc_per_mb": 190.57607339473142,
      "training_time_hrs": null,
      "calibration_time_min": 0.005143811666675902,
      "top1_%": 35.324445366859436,
      "top5_%": 62.18263506889343,
      "size_MB": 0.18535614013671875,
      "notes": "fake-quant W4/A8 PTQ, per-channel"
    },
    {
      "model": "alexnet_fire",
      "method": "int4_ptq",
      "precision": "int4",
      "fp32_baseline_acc": 43.976473808288574,
      "compressed_top1_acc": 37.71863579750061,
      "top5_acc": 64.72565531730652,
      "acc_drop_pp": 6.257838010787964,
      "compression_ratio": 7.91695427092321,
      "fp32_size_mb": 1.9601516723632812,
      "compressed_size_mb": 0.247589111328125,
      "latency_ms": 0.2382503664000069,
      "throughput_img_s": 4197.265318455229,
      "params_m": 0.516152,
      "acc_per_mb": 152.34367777794898,
      "training_time_hrs": null,
      "calibration_time_min": 0.005446432049999809,
      "top1_%": 37.71863579750061,
      "top5_%": 64.72565531730652,
      "size_MB": 0.247589111328125,