{
  "fp32_baseline": {
    "top1": 57.99558162689209,
    "top5": 81.51498436927795,
    "params_m": 2.480072,
    "disk_mb": 28.751924514770508,
    "size_mb_32": 9.362556457519531,
    "macs": 25799936
  },
  "methods": [
    {
      "model": "mobilenetv2",
      "method": "int8",
      "precision": "int8",
      "fp32_baseline_acc": 57.99558162689209,
      "compressed_top1_acc": 55.413031578063965,
      "top5_acc": 79.93391156196594,
      "acc_drop_pp": 2.582550048828125,
      "compression_ratio": 3.958494753378128,
      "fp32_size_mb": 9.362556457519531,
      "compressed_size_mb": 2.3651809692382812,
      "latency_ms": 0.31832682590011246,
      "throughput_img_s": 3141.4254741879317,
      "params_m": 2.480072,
      "acc_per_mb": 23.428664571028584,
      "training_time_hrs": null,
      "calibration_time_min": 0.009878832416688965,
      "top1_%": 55.413031578063965,
      "top5_%": 79.93391156196594,
      "size_MB": 2.3651809692382812,
      "notes": "fake-quant W8/A8 PTQ",
      "bits_map": null
    },
    {
      "model": "mobilenetv2",
      "method": "int4_ptq",
      "precision": "int4",
      "fp32_baseline_acc": 57.99558162689209,
      "compressed_top1_acc": 3.5026047378778458,
      "top5_acc": 11.595746874809265,
      "acc_drop_pp": 54.492976889014244,
      "compression_ratio": 7.80895201369401,
      "fp32_size_mb": 9.362556457519531,
      "compressed_size_mb": 1.1989517211914062,
      "latency_ms": 0.3461893116000283,
      "throughput_img_s": 2888.5929359810953,
      "params_m": 2.480072,
      "acc_per_mb": 2.9213893069833405,
      "training_time_hrs": null,
      "calibration_time_min": 0.010433913533324813,
      "top1_%": 3.5026047378778458,
      "top5_%": 11.595746874809265,
      "size_MB": 1.1989517211914062,
      "notes": "fake-quant W4/A8 PTQ, per-channel",
      "bits_map": null
    },
    {
      "model": "mobilenetv2",
      "method": "int2_qat",
      "precision": "int2",
      "fp32_baseline_acc": 57.99558162689209,
      "compressed_top1_acc": 0.958423875272274,
      "top5_acc": 3.33046093583107,
      "acc_drop_pp": 57.037157751619816,
      "compression_ratio": 15.202975755398358,
      "fp32_size_mb": 9.362556457519531,
      "compressed_size_mb": 0.6158370971679688,
      "latency_ms": 0.295501998400141,
      "throughput_img_s": 3384.071868935025,
      "params_m": 2.480072,
      "acc_per_mb": 1.556294480601686,
      "training_time_hrs": 0.10757058189974891,
      "calibration_time_min": null,
      "top1_%": 0.958423875272274,
      "top5_%": 3.33046093583107,
      "size_MB": 0.6158370971679688,
      "notes": "fake-quant W2/A8 QAT, per-channel",
      "bits_map": null
    },
    {
      "model": "mobilenetv2",
      "method": "ternary_qat",
      "precision": "ternary",
      "fp32_baseline_acc": 57.99558162689209,
      "compressed_top1_acc": 14.413607120513916,
      "top5_acc": 34.99075174331665,
      "acc_drop_pp": 43.581974506378174,
      "compression_ratio": 15.202975755398358,
      "fp32_size_mb": 9.362556457519531,
      "compressed_size_mb": 0.6158370971679688,
      "latency_ms": 0.17551739209993683,
      "throughput_img_s": 5697.441079973521,
      "params_m": 2.480072,
      "acc_per_mb": 23.404902346411625,
      "training_time_hrs": 0.22721768432193332,
      "calibration_time_min": null,
      "top1_%": 14.413607120513916,
      "top5_%": 34.99075174331665,
      "size_MB": 0.6158370971679688,
      "notes": "weight-only TWN QAT (STE), per-channel, A=FP32",
      "bits_map": null
    },
    {
      "model": "mobilenetv2",
      "method": "binary_qat",
      "precision": "binary",
      "fp32_baseline_acc": 57.99558162689209,
      "compressed_top1_acc": 3.561827167868614,
      "top5_acc": 12.738943099975586,
      "acc_drop_pp": 54.433754459023476,
      "compression_ratio": 28.871847355543007,
      "fp32_size_mb": 9.362556457519531,
      "compressed_size_mb": 0.32427978515625,
      "latency_ms": 0.12440643939989969,
      "throughput_img_s": 8038.169123911172,
      "params_m": 2.480072,
      "acc_per_mb": 10.983808830860037,
      "training_time_hrs": 0.19829126563337113,
      "calibration_time_min": null,
      "top1_%": 3.561827167868614,
      "top5_%": 12.738943099975586,
      "size_MB": 0.32427978515625,
      "notes": "weight-only BWN QAT (STE), per-channel, A=FP32",
      "bits_map": null
    }
  ],
  "train_time_hrs": {
    "int2_qat": 0.10757058189974891,
    "ternary_qat": 0.22721768432193332,
    "binary_qat": 0.19829126563337113
  }
}