{
  "train_loss_bbox": [
    2.491727042313359,
    2.4917216623462917,
    2.4879517456183686,
    2.479856378675083,
    2.477367307598464,
    2.47300381153678,
    2.467086699389029,
    2.463351783429943,
    2.455836934628694,
    2.4562819137665386,
    2.452498223355427,
    2.4499505646562807,
    2.44975869782305,
    2.4453916245612546,
    2.445012038687001,
    2.4483532645276203,
    2.442442306343484,
    2.446141259105885,
    2.4396824039698797,
    2.442454016957306,
    2.4500336856657756,
    2.440133270088601,
    2.439443822068293
  ],
  "train_loss_cls": [
    4.606859097043097,
    4.572331665333919,
    4.541408152971867,
    4.5163605634716975,
    4.499080820590402,
    4.4886180156670905,
    4.47513983560645,
    4.449484977860382,
    4.444722785350781,
    4.4316250439427325,
    4.417152621550261,
    4.403372544366956,
    4.396792971339202,
    4.378367367804338,
    4.369132159643127,
    4.365494947848113,
    4.354098859731701,
    4.356307284037272,
    4.346249071526643,
    4.345505808632155,
    4.339333217501064,
    4.345529947649454,
    4.351041068662192
  ],
  "train_loss_total": [
    7.098586139356456,
    7.06405332768021,
    7.0293598985902355,
    6.996216942146781,
    6.976448128188866,
    6.961621827203871,
    6.942226534995479,
    6.912836761290325,
    6.9005597199794755,
    6.887906957709271,
    6.869650844905688,
    6.853323109023236,
    6.8465516691622526,
    6.823758992365592,
    6.814144198330128,
    6.813848212375733,
    6.796541166075185,
    6.802448543143157,
    6.785931475496522,
    6.787959825589461,
    6.78936690316684,
    6.785663217738055,
    6.790484890730484
  ],
  "val_mAP": [
    0.0035319344606250525,
    0.004620267543941736,
    0.005466565024107695,
    0.004913823213428259,
    0.005798363592475653,
    0.006145108491182327,
    0.006125477142632008,
    0.006814077962189913,
    0.006820141337811947,
    0.007438950706273317,
    0.00788184255361557,
    0.007990915328264236,
    0.007951137609779835,
    0.00877988152205944,
    0.008591175079345703,
    0.008654988370835781,
    0.00911121815443039,
    0.009098567999899387,
    0.00936940684914589,
    0.009451056830585003,
    0.009497265331447124,
    0.009636576287448406,
    0.009507806040346622
  ],
  "val_mAP50": [
    0.01404375210404396,
    0.017694635316729546,
    0.02109328843653202,
    0.020635945722460747,
    0.02252541109919548,
    0.023949548602104187,
    0.022949399426579475,
    0.026346812024712563,
    0.02581036649644375,
    0.028658291324973106,
    0.030339505523443222,
    0.030048714950680733,
    0.03086859919130802,
    0.033234212547540665,
    0.03321346268057823,
    0.03379730507731438,
    0.034796424210071564,
    0.03487778082489967,
    0.03522295132279396,
    0.03575509041547775,
    0.03603144362568855,
    0.03679196536540985,
    0.036455847322940826
  ],
  "epoch_time_s": [
    252.4961919784546,
    160.82093262672424,
    181.60885000228882,
    143.5839500427246,
    172.21506571769714,
    195.82795548439026,
    140.59652042388916,
    144.3799068927765,
    147.57497429847717,
    145.18540740013123,
    146.17983984947205,
    141.1707911491394,
    141.17422699928284,
    151.98016095161438,
    145.3731334209442,
    143.97994422912598,
    144.17053627967834,
    142.17708826065063,
    143.37326407432556,
    142.97367548942566,
    138.77310967445374,
    145.36938071250916,
    155.3852939605713
  ],
  "peak_gpu_mem_mb": [
    2716.861328125,
    2714.0888671875,
    2720.8935546875,
    2712.78759765625,
    2712.84033203125,
    2713.79296875,
    2713.9423828125,
    2717.68701171875,
    2712.75048828125,
    2717.83447265625,
    2712.40234375,
    2720.82177734375,
    2716.7490234375,
    2713.77685546875,
    2713.89697265625,
    2717.80078125,
    2716.76025390625,
    2717.86767578125,
    2718.00244140625,
    2712.46826171875,
    2716.80859375,
    2716.70166015625,
    2716.90673828125
  ],
  "lr": [
    8.90915741234015e-05,
    8.535533905932738e-05,
    8.117449009293668e-05,
    7.660160382576683e-05,
    7.169418695587791e-05,
    6.651395309775837e-05,
    6.112604669781572e-05,
    5.5598223805165385e-05,
    5e-05,
    4.440177619483462e-05,
    3.887395330218428e-05,
    3.3486046902241643e-05,
    2.83058130441221e-05,
    2.3398396174233178e-05,
    1.8825509907063327e-05,
    1.4644660940672627e-05,
    1.0908425876598526e-05,
    7.663790038585793e-06,
    4.951556604879048e-06,
    2.805833484581621e-06,
    1.2536043909088134e-06,
    3.143895053378698e-07,
    0.0
  ],
  "images_per_sec": [
    65.58514752338546,
    102.97166997804214,
    91.18498355003787,
    115.33322488392632,
    96.15883448400452,
    84.5640243704634,
    117.78385375450759,
    114.69740046513715,
    112.2141479523936,
    114.06104991227261,
    113.28511521870989,
    117.30471909380492,
    117.30186417159645,
    108.96159009380293,
    113.91375841125101,
    115.01601899252609,
    114.86396893103758,
    116.47446295735679,
    115.50270621874938,
    115.82551783265009,
    119.33147595271099,
    113.91669909325684,
    106.57379201021473
  ],
  "avg_batch_time_s": [
    0.24395767340913488,
    0.15538254360069975,
    0.17546748792491673,
    0.13872845414756002,
    0.16639136784318564,
    0.18920575409119833,
    0.13584204871873348,
    0.13949749458239274,
    0.14258451623041274,
    0.14027575594215577,
    0.14123656024103579,
    0.13639689966100427,
    0.13640021932297858,
    0.14684073521895108,
    0.1404571337400427,
    0.13911105722620867,
    0.13929520413495491,
    0.13736916740159483,
    0.13852489282543531,
    0.13813881689799581,
    0.13408029920237075,
    0.14045350793479144,
    0.15013071880248433
  ],
  "cpu_percent": [
    9.7,
    14.6,
    12.8,
    16.1,
    13.7,
    11.9,
    16.3,
    16.0,
    15.8,
    15.7,
    15.7,
    16.3,
    16.4,
    15.4,
    15.6,
    16.0,
    15.7,
    16.4,
    16.0,
    15.7,
    16.2,
    15.8,
    15.1
  ],
  "ram_used_mb": [
    10462.64453125,
    9393.23046875,
    10567.734375,
    9902.51171875,
    10868.33984375,
    9545.69921875,
    10383.98046875,
    9809.171875,
    9433.84765625,
    9986.75,
    9904.13671875,
    10986.625,
    9995.73046875,
    9467.171875,
    10064.03515625,
    10196.8359375,
    10366.2421875,
    10423.41796875,
    10015.27734375,
    9942.48828125,
    9956.1015625,
    10738.08203125,
    9598.7734375
  ],
  "total_time_s": 3572.780478954315,
  "best_epoch": 28,
  "best_val_mAP": 0.009636576287448406,
  "summary": {
    "params_m": 0.977472,
    "macs": 3498704896,
    "flops": 6997409792,
    "model_size_mb": 3.8321475982666016,
    "latency_ms_per_image": 6.753985949147205,
    "throughput_img_per_s": 148.06071666854226
  }
}