{
  "model_name": "alexnet_fire",
  "mode": "fp32+qat+int8",
  "epochs": 41,
  "best_val_top1": 44.07,
  "best_val_top5": 70.4,
  "final_val_top1": 44.03,
  "final_val_top5": 70.79,
  "best_val_loss": 3.007565963745117,
  "final_train_loss": 3.051670052588071,
  "fp32_top1": 43.976473808288574,
  "fp32_top5": 70.43158411979675,
  "fp32_loss": 2.4098563194274902,
  "fp32_top1_top5_gap": 26.45511031150818,
  "int8_top1": 44.30399537086487,
  "int8_top5": 70.88165879249573,
  "int8_loss": 2.384477138519287,
  "int8_top1_top5_gap": 26.57766342163086,
  "quantization_drop_top1": -0.32752156257629395,
  "fp32_size_mb": 5.989412307739258,
  "int8_size_mb": 0.5513744354248047,
  "params_m": 0.516152,
  "compression_ratio": 10.862694972654534,
  "param_efficiency_top1_per_m": 85.38182550876485,
  "macs": 177670144,
  "flops": 355340288,
  "fp32_latency_ms_per_image": 0.15072352119968854,
  "fp32_throughput_img_per_s": 6634.664530396244,
  "int8_latency_ms_per_image": 0.9699905761000992,
  "int8_throughput_img_per_s": 1030.9378509846513,
  "avg_epoch_time_s": 31.755966749597103,
  "total_training_time_s": 1494.1414999961853,
  "peak_gpu_mem_mb": 402.4462890625
}