{
  "model_name": "alexnet_factorized",
  "mode": "fp32+qat+int8",
  "epochs": 66,
  "best_val_top1": 43.04,
  "best_val_top5": 68.85,
  "final_val_top1": 42.47,
  "final_val_top5": 67.82,
  "best_val_loss": Infinity,
  "final_train_loss": 2.2443116768495117,
  "fp32_top1": 42.890143394470215,
  "fp32_top5": 68.91416311264038,
  "fp32_loss": 2.497375965118408,
  "fp32_top1_top5_gap": 26.024019718170166,
  "int8_top1": 42.59788990020752,
  "int8_top5": 67.79850721359253,
  "int8_loss": 2.5493292808532715,
  "int8_top1_top5_gap": 25.20061731338501,
  "quantization_drop_top1": 0.2922534942626953,
  "fp32_size_mb": 653.1486721038818,
  "int8_size_mb": 54.683115005493164,
  "params_m": 57.06676,
  "compression_ratio": 11.944247726894675,
  "param_efficiency_top1_per_m": 0.7542043739648089,
  "macs": 246366208,
  "flops": 492732416,
  "fp32_latency_ms_per_image": 0.14931854919996113,
  "fp32_throughput_img_per_s": 6697.091589477219,
  "int8_latency_ms_per_image": 1.2919605581999347,
  "int8_throughput_img_per_s": 774.0174370286363,
  "avg_epoch_time_s": 59.834572052254394,
  "total_training_time_s": 61.9495849609375,
  "peak_gpu_mem_mb": 1203.14453125
}