{
  "model_name": "alexnet_residual",
  "mode": "fp32+qat+int8",
  "epochs": 62,
  "best_val_top1": 48.06,
  "best_val_top5": 73.07,
  "final_val_top1": 47.83,
  "final_val_top5": 73.25,
  "best_val_loss": 2.8179981494903563,
  "final_train_loss": 2.280252645653308,
  "fp32_top1": 48.01293909549713,
  "fp32_top5": 73.10833930969238,
  "fp32_loss": 2.247621774673462,
  "fp32_top1_top5_gap": 25.09540021419525,
  "int8_top1": 47.273704409599304,
  "int8_top5": 72.4995493888855,
  "int8_loss": 2.31097149848938,
  "int8_top1_top5_gap": 25.225844979286194,
  "quantization_drop_top1": 0.7392346858978271,
  "fp32_size_mb": 694.4140338897705,
  "int8_size_mb": 58.10271072387695,
  "params_m": 60.67028,
  "compression_ratio": 11.951491165185953,
  "param_efficiency_top1_per_m": 0.792150621358596,
  "macs": 520749056,
  "flops": 1041498112,
  "fp32_latency_ms_per_image": 0.15519397739990382,
  "fp32_throughput_img_per_s": 6443.549013652767,
  "int8_latency_ms_per_image": 2.038125913099793,
  "int8_throughput_img_per_s": 490.64682097049456,
  "avg_epoch_time_s": 61.89915706129635,
  "total_training_time_s": 638.5349838733673,
  "peak_gpu_mem_mb": 1182.28857421875
}