{
  "model_name": "alexnet_se",
  "mode": "fp32+qat+int8",
  "epochs": 0,
  "best_val_top1": 0.43,
  "best_val_top5": 1.94,
  "final_val_top1": 0.31,
  "final_val_top5": 1.74,
  "best_val_loss": 5.298736163330078,
  "final_train_loss": 5.298447366798586,
  "fp32_top1": 0.4999999888241291,
  "fp32_top5": 2.499999850988388,
  "fp32_loss": 5.2987775802612305,
  "fp32_top1_top5_gap": 1.999999862164259,
  "int8_top1": null,
  "int8_top5": null,
  "int8_loss": null,
  "int8_top1_top5_gap": null,
  "quantization_drop_top1": null,
  "fp32_size_mb": 659.7523059844971,
  "int8_size_mb": null,
  "params_m": 57.646288,
  "compression_ratio": null,
  "param_efficiency_top1_per_m": 0.0074592834147447626,
  "macs": 222493696,
  "flops": 444987392,
  "fp32_latency_ms_per_image": 0.10062463770009344,
  "fp32_throughput_img_per_s": 9937.923980212963,
  "int8_latency_ms_per_image": null,
  "int8_throughput_img_per_s": null,
  "avg_epoch_time_s": 48.82184954484304,
  "total_training_time_s": 297.8844792842865,
  "peak_gpu_mem_mb": 1122.060546875
}