{
  "model_name": "alexnet_bottleneck",
  "mode": "fp32+qat+int8",
  "epochs": 76,
  "best_val_top1": 44.68,
  "best_val_top5": 70.95,
  "final_val_top1": 43.94,
  "final_val_top5": 70.52,
  "best_val_loss": Infinity,
  "final_train_loss": 2.911853408745648,
  "fp32_top1": 44.62297856807709,
  "fp32_top5": 71.03633880615234,
  "fp32_loss": 2.362962484359741,
  "fp32_top1_top5_gap": 26.413360238075256,
  "int8_top1": 44.539082050323486,
  "int8_top5": 71.01452946662903,
  "int8_loss": 2.3611302375793457,
  "int8_top1_top5_gap": 26.475447416305542,
  "quantization_drop_top1": 0.08389651775360107,
  "fp32_size_mb": 4.4917449951171875,
  "int8_size_mb": 0.4317798614501953,
  "params_m": 0.385,
  "compression_ratio": 10.402858947684615,
  "param_efficiency_top1_per_m": 116.05194805194805,
  "macs": 39512064,
  "flops": 79024128,
  "fp32_latency_ms_per_image": 0.10511326659980114,
  "fp32_throughput_img_per_s": 9513.546979824256,
  "int8_latency_ms_per_image": 0.42398790509978423,
  "int8_throughput_img_per_s": 2358.5578455702716,
  "avg_epoch_time_s": 23.38464493323595,
  "total_training_time_s": 27.80499815940857,
  "peak_gpu_mem_mb": 146.84814453125
}