{
  "model_name": "alexnet_depthwisesep",
  "mode": "fp32+qat+int8",
  "epochs": 95,
  "best_val_top1": 44.48,
  "best_val_top5": 69.41,
  "final_val_top1": 44.29,
  "final_val_top5": 69.58,
  "best_val_loss": Infinity,
  "final_train_loss": 3.0455058314552685,
  "fp32_top1": 44.390010833740234,
  "fp32_top5": 69.4456160068512,
  "fp32_loss": 2.4159719944000244,
  "fp32_top1_top5_gap": 25.055605173110962,
  "int8_top1": 41.46906137466431,
  "int8_top5": 66.99280738830566,
  "int8_loss": 2.555845260620117,
  "int8_top1_top5_gap": 25.523746013641357,
  "quantization_drop_top1": 2.9209494590759277,
  "fp32_size_mb": 3.6540164947509766,
  "int8_size_mb": 0.39975547790527344,
  "params_m": 0.313641,
  "compression_ratio": 9.14062895122312,
  "param_efficiency_top1_per_m": 141.8181934122133,
  "macs": 19758080,
  "flops": 39516160,
  "fp32_latency_ms_per_image": 0.10087186140008271,
  "fp32_throughput_img_per_s": 9913.567432187587,
  "int8_latency_ms_per_image": 0.38028139879970696,
  "int8_throughput_img_per_s": 2629.6316442411558,
  "avg_epoch_time_s": 24.13477941149289,
  "total_training_time_s": 28.631195068359375,
  "peak_gpu_mem_mb": 121.56884765625
}