{
  "model_name": "alexnet_gap",
  "mode": "fp32+qat+int8",
  "epochs": 33,
  "best_val_top1": 38.86,
  "best_val_top5": 64.84,
  "final_val_top1": 38.69,
  "final_val_top5": 65.37,
  "best_val_loss": 3.233675733947754,
  "final_train_loss": 3.168313457989591,
  "fp32_top1": 38.73852789402008,
  "fp32_top5": 64.8317277431488,
  "fp32_loss": 2.6885793209075928,
  "fp32_top1_top5_gap": 26.093199849128723,
  "int8_top1": 37.599918246269226,
  "int8_top5": 62.967491149902344,
  "int8_loss": 2.77510666847229,
  "int8_top1_top5_gap": 25.367572903633118,
  "quantization_drop_top1": 1.1386096477508545,
  "fp32_size_mb": 26.370630264282227,
  "int8_size_mb": 2.232311248779297,
  "params_m": 2.302984,
  "compression_ratio": 11.81315118073368,
  "param_efficiency_top1_per_m": 16.873760304022955,
  "macs": 166987776,
  "flops": 333975552,
  "fp32_latency_ms_per_image": 0.10066843259992311,
  "fp32_throughput_img_per_s": 9933.600575407825,
  "int8_latency_ms_per_image": 0.7889059016000829,
  "int8_throughput_img_per_s": 1267.578297958945,
  "avg_epoch_time_s": 23.045094049893894,
  "total_training_time_s": 900.89364361763,
  "peak_gpu_mem_mb": 105.9853515625
}