{
  "model_name": "alexnet_groupconv",
  "mode": "fp32+qat+int8",
  "epochs": 91,
  "best_val_top1": 29.21,
  "best_val_top5": 57.05,
  "final_val_top1": 29.14,
  "final_val_top5": 56.9,
  "best_val_loss": Infinity,
  "final_train_loss": 3.532194875721233,
  "fp32_top1": 29.18199896812439,
  "fp32_top5": 57.067954540252686,
  "fp32_loss": 3.0781633853912354,
  "fp32_top1_top5_gap": 27.885955572128296,
  "int8_top1": 27.70700454711914,
  "int8_top5": 55.09711503982544,
  "int8_loss": 3.1615710258483887,
  "int8_top1_top5_gap": 27.3901104927063,
  "quantization_drop_top1": 1.474994421005249,
  "fp32_size_mb": 639.9905910491943,
  "int8_size_mb": 53.538496017456055,
  "params_m": 55.919752,
  "compression_ratio": 11.953839548285545,
  "param_efficiency_top1_per_m": 0.5223556785444972,
  "macs": 98762752,
  "flops": 197525504,
  "fp32_latency_ms_per_image": 0.09721118670058787,
  "fp32_throughput_img_per_s": 10286.881931397642,
  "int8_latency_ms_per_image": 0.6069150019997324,
  "int8_throughput_img_per_s": 1647.6771816565526,
  "avg_epoch_time_s": 45.206814894112206,
  "total_training_time_s": 46.881614446640015,
  "peak_gpu_mem_mb": 1087.07861328125
}