{
  "model_name": "alexnet_final_fire_residual",
  "mode": "fp32+qat+int8",
  "epochs": 71,
  "best_val_top1": 49.78,
  "best_val_top5": 74.72,
  "final_val_top1": 49.75,
  "final_val_top5": 74.77,
  "best_val_loss": 2.772905725479126,
  "final_train_loss": 2.70780062370246,
  "fp32_top1": 49.793291091918945,
  "fp32_top5": 74.80218410491943,
  "fp32_loss": 2.131824254989624,
  "fp32_top1_top5_gap": 25.00889301300049,
  "int8_top1": 49.20102655887604,
  "int8_top5": 74.38758611679077,
  "int8_loss": 2.1535587310791016,
  "int8_top1_top5_gap": 25.186559557914734,
  "quantization_drop_top1": 0.5922645330429077,
  "fp32_size_mb": 8.093656539916992,
  "int8_size_mb": 0.7463092803955078,
  "params_m": 0.698664,
  "compression_ratio": 10.844909412928304,
  "param_efficiency_top1_per_m": 71.25027194760285,
  "macs": 55236608,
  "flops": 110473216,
  "fp32_latency_ms_per_image": 0.0898766203001287,
  "fp32_throughput_img_per_s": 11126.364082902302,
  "int8_latency_ms_per_image": 0.44687850619993696,
  "int8_throughput_img_per_s": 2237.7446803239004,
  "avg_epoch_time_s": 22.4185618734979,
  "total_training_time_s": 1729.1136257648468,
  "peak_gpu_mem_mb": 142.38525390625
}