{
  "fp32_baseline": {
    "top1": 44.62297856807709,
    "top5": 71.03633880615234,
    "params_m": 0.385,
    "disk_mb": 4.4917449951171875,
    "size_mb_32": 1.4580154418945312,
    "macs": 39512064
  },
  "methods": [
    {
      "model": "alexnet_bottleneck",
      "method": "int8",
      "precision": "int8",
      "fp32_baseline_acc": 44.62297856807709,
      "compressed_top1_acc": 44.23525035381317,
      "top5_acc": 70.65533399581909,
      "acc_drop_pp": 0.387728214263916,
      "compression_ratio": 3.971012987012987,
      "fp32_size_mb": 1.4580154418945312,
      "compressed_size_mb": 0.36716461181640625,
      "latency_ms": 0.1802581174999432,
      "throughput_img_s": 5547.600373671467,
      "params_m": 0.385,
      "acc_per_mb": 120.47797889610389,
      "training_time_hrs": null,
      "calibration_time_min": 0.007915924333337898,
      "top1_%": 44.23525035381317,
      "top5_%": 70.65533399581909,
      "size_MB": 0.36716461181640625,
      "notes": "fake-quant W8/A8 PTQ",
      "bits_map": null
    },
    {
      "model": "alexnet_bottleneck",
      "method": "int4_ptq",
      "precision": "int4",
      "fp32_baseline_acc": 44.62297856807709,
      "compressed_top1_acc": 35.324445366859436,
      "top5_acc": 62.18263506889343,
      "acc_drop_pp": 9.298533201217651,
      "compression_ratio": 7.866021815188311,
      "fp32_size_mb": 1.4580154418945312,
      "compressed_size_mb": 0.18535614013671875,
      "latency_ms": 0.19025181690012688,
      "throughput_img_s": 5256.191590143669,
      "params_m": 0.385,
      "acc_per_mb": 190.57607339473142,
      "training_time_hrs": null,
      "calibration_time_min": 0.007406201216660217,
      "top1_%": 35.324445366859436,
      "top5_%": 62.18263506889343,
      "size_MB": 0.18535614013671875,
      "notes": "fake-quant W4/A8 PTQ, per-channel",
      "bits_map": null
    },
    {
      "model": "alexnet_bottleneck",
      "method": "int4_qat",
      "precision": "int4",
      "fp32_baseline_acc": 44.62297856807709,
      "compressed_top1_acc": 44.337183237075806,
      "top5_acc": 70.71545124053955,
      "acc_drop_pp": 0.28579533100128174,
      "compression_ratio": 7.866021815188311,
      "fp32_size_mb": 1.4580154418945312,
      "compressed_size_mb": 0.18535614013671875,
      "latency_ms": 0.1909397260998958,
      "throughput_img_s": 5237.25481556845,
      "params_m": 0.385,
      "acc_per_mb": 239.1999704157234,
      "training_time_hrs": 9.934107462565104e-10,
      "calibration_time_min": null,
      "top1_%": 44.337183237075806,
      "top5_%": 70.71545124053955,
      "size_MB": 0.18535614013671875,
      "notes": "fake-quant W4/A8 QAT, per-channel",
      "bits_map": null
    },
    {
      "model": "alexnet_bottleneck",
      "method": "mixed",
      "precision": "int4/8",
      "fp32_baseline_acc": 44.62297856807709,
      "compressed_top1_acc": 44.60912048816681,
      "top5_acc": 70.62963247299194,
      "acc_drop_pp": 0.01385807991027832,
      "compression_ratio": 6.946494129620879,
      "fp32_size_mb": 1.4580154418945312,
      "compressed_size_mb": 0.20989227294921875,
      "latency_ms": 0.3008732520000194,
      "throughput_img_s": 3323.658694658359,
      "params_m": 0.385,
      "acc_per_mb": 212.53340993148194,
      "training_time_hrs": 0.013305788503752814,
      "calibration_time_min": null,
      "top1_%": 44.60912048816681,
      "top5_%": 70.62963247299194,
      "size_MB": 0.20989227294921875,
      "notes": "per-layer INT4/INT8 (5 hi / 11 lo)",
      "bits_map": {
        "features.0.block.0": 4,
        "features.0.block.3": 4,
        "features.0.block.6": 8,
        "features.2.block.0": 8,
        "features.2.block.3": 8,
        "features.2.block.6": 8,
        "features.4.block.0": 4,
        "features.4.block.3": 4,
        "features.4.block.6": 4,
        "features.5.block.0": 4,
        "features.5.block.3": 4,
        "features.5.block.6": 4,
        "features.6.block.0": 4,
        "features.6.block.3": 4,
        "features.6.block.6": 8,
        "classifier.1": 4
      }
    },
    {
      "model": "alexnet_bottleneck",
      "method": "int2_qat",
      "precision": "int2",
      "fp32_baseline_acc": 44.62297856807709,
      "compressed_top1_acc": 20.460297167301178,
      "top5_acc": 45.459166169166565,
      "acc_drop_pp": 24.16268140077591,
      "compression_ratio": 15.436591276252019,
      "fp32_size_mb": 1.4580154418945312,
      "compressed_size_mb": 0.094451904296875,
      "latency_ms": 0.13424077039999247,
      "throughput_img_s": 7449.301706332103,
      "params_m": 0.385,
      "acc_per_mb": 216.62133039680938,
      "training_time_hrs": 0.20730737924575807,
      "calibration_time_min": null,
      "top1_%": 20.460297167301178,
      "top5_%": 45.459166169166565,
      "size_MB": 0.094451904296875,
      "notes": "fake-quant W2/A8 QAT, per-channel",
      "bits_map": null
    },
    {
      "model": "alexnet_bottleneck",
      "method": "ternary_qat",
      "precision": "ternary",
      "fp32_baseline_acc": 44.62297856807709,
      "compressed_top1_acc": 31.35175108909607,
      "top5_acc": 58.099037408828735,
      "acc_drop_pp": 13.271227478981018,
      "compression_ratio": 15.436591276252019,
      "fp32_size_mb": 1.4580154418945312,
      "compressed_size_mb": 0.094451904296875,
      "latency_ms": 0.11868647009996493,
      "throughput_img_s": 8425.560210508742,
      "params_m": 0.385,
      "acc_per_mb": 331.93349909127625,
      "training_time_hrs": 0.14564022878805796,
      "calibration_time_min": null,
      "top1_%": 31.35175108909607,
      "top5_%": 58.099037408828735,
      "size_MB": 0.094451904296875,
      "notes": "weight-only TWN QAT (STE), per-channel, A=FP32",
      "bits_map": null
    },
    {
      "model": "alexnet_bottleneck",
      "method": "binary_qat",
      "precision": "binary",
      "fp32_baseline_acc": 44.62297856807709,
      "compressed_top1_acc": 12.624388933181763,
      "top5_acc": 33.01782011985779,
      "acc_drop_pp": 31.998589634895325,
      "compression_ratio": 29.755546905410664,
      "fp32_size_mb": 1.4580154418945312,
      "compressed_size_mb": 0.048999786376953125,
      "latency_ms": 0.10213731410003675,
      "throughput_img_s": 9790.741109762943,
      "params_m": 0.385,
      "acc_per_mb": 257.64171370182953,
      "training_time_hrs": 0.150749468670951,
      "calibration_time_min": null,
      "top1_%": 12.624388933181763,
      "top5_%": 33.01782011985779,
      "size_MB": 0.048999786376953125,
      "notes": "weight-only BWN QAT (STE), per-channel, A=FP32",
      "bits_map": null
    }
  ],
  "train_time_hrs": {
    "int4_qat": 9.934107462565104e-10,
    "mixed": 0.013305788503752814,
    "int2_qat": 0.20730737924575807,
    "ternary_qat": 0.14564022878805796,
    "binary_qat": 0.150749468670951
  }
}