{
  "model_name": "alexnet_final_bottleneck_residual",
  "mode": "fp32+qat+int8",
  "epochs": 32,
  "best_val_top1": 45.12,
  "best_val_top5": 71.09,
  "final_val_top1": 45.05,
  "final_val_top5": 70.96,
  "best_val_loss": 2.93085777053833,
  "final_train_loss": 2.9375699198941247,
  "fp32_top1": 45.09960114955902,
  "fp32_top5": 71.15118503570557,
  "fp32_loss": 2.3387973308563232,
  "fp32_top1_top5_gap": 26.051583886146545,
  "int8_top1": 45.980674028396606,
  "int8_top5": 72.3289430141449,
  "int8_loss": 2.280573844909668,
  "int8_top1_top5_gap": 26.34826898574829,
  "quantization_drop_top1": -0.8810728788375854,
  "fp32_size_mb": 6.653960227966309,
  "int8_size_mb": 0.6376895904541016,
  "params_m": 0.571304,
  "compression_ratio": 10.434481490011455,
  "param_efficiency_top1_per_m": 78.97721703331325,
  "macs": 54175744,
  "flops": 108351488,
  "fp32_latency_ms_per_image": 0.08977537270002359,
  "fp32_throughput_img_per_s": 11138.912264295588,
  "int8_latency_ms_per_image": 0.4863486008998734,
  "int8_throughput_img_per_s": 2056.1383298928704,
  "avg_epoch_time_s": 24.55457015413987,
  "total_training_time_s": 934.4068028926849,
  "peak_gpu_mem_mb": 187.15087890625
}