{
  "model_name": "alexnet_final_bottleneck_fire",
  "mode": "fp32+qat+int8",
  "epochs": 34,
  "best_val_top1": 42.32,
  "best_val_top5": 68.51,
  "final_val_top1": 41.25,
  "final_val_top5": 68.04,
  "best_val_loss": 3.0534728134155276,
  "final_train_loss": 3.1079988740755518,
  "fp32_top1": 42.28608012199402,
  "fp32_top5": 68.53951215744019,
  "fp32_loss": 2.4907009601593018,
  "fp32_top1_top5_gap": 26.253432035446167,
  "int8_top1": 44.00103688240051,
  "int8_top5": 70.15194892883301,
  "int8_loss": 2.381650924682617,
  "int8_top1_top5_gap": 26.150912046432495,
  "quantization_drop_top1": -1.7149567604064941,
  "fp32_size_mb": 5.882781028747559,
  "int8_size_mb": 0.5452156066894531,
  "params_m": 0.506408,
  "compression_ratio": 10.789825083085534,
  "param_efficiency_top1_per_m": 83.56897995292334,
  "macs": 47282176,
  "flops": 94564352,
  "fp32_latency_ms_per_image": 0.09166995489977126,
  "fp32_throughput_img_per_s": 10908.699596213015,
  "int8_latency_ms_per_image": 0.4485253957998793,
  "int8_throughput_img_per_s": 2229.5281590837158,
  "avg_epoch_time_s": 22.713448524475098,
  "total_training_time_s": 836.8068904876709,
  "peak_gpu_mem_mb": 146.7470703125
}