model,precision,top1_%,top5_%,loss,params_M,size_MB
AlexNet_FP32,FP32,19.915226101875305,44.37350332736969,3.6223742961883545,57.82324,661.7540874481201
AlexNetSmall_FP32,FP32,8.61569494009018,25.48803687095642,4.392215728759766,1.602376,18.353193283081055
AlexNet3x3_FP32,FP32,6.193189322948456,19.254067540168762,4.61680269241333,57.605128,659.2578678131104
alexnet_fp32_INT8,INT8,22.080713510513306,47.2950279712677,3.5020864009857178,57.82324,55.33271598815918
alexnet_small_kernel_INT8,INT8,10.765186697244644,28.73096466064453,4.277803421020508,1.602376,1.5610408782958984
alexnet_3x3_INT8,INT8,7.519341260194778,22.412651777267456,4.486865997314453,57.605128,55.124595642089844
