{
  "model_name": "alexnet_mixed",
  "mode": "fp32+qat+int8",
  "epochs": 40,
  "best_val_top1": 38.7,
  "best_val_top5": 64.76,
  "final_val_top1": 38.33,
  "final_val_top5": 65.16,
  "best_val_loss": 3.2005847831726073,
  "final_train_loss": 3.210815474285001,
  "fp32_top1": 38.74005675315857,
  "fp32_top5": 64.82577323913574,
  "fp32_loss": 2.6837058067321777,
  "fp32_top1_top5_gap": 26.085716485977173,
  "int8_top1": 37.99386024475098,
  "int8_top5": 63.80206346511841,
  "int8_loss": 2.7242045402526855,
  "int8_top1_top5_gap": 25.80820322036743,
  "quantization_drop_top1": 0.7461965084075928,
  "fp32_size_mb": 20.042604446411133,
  "int8_size_mb": 1.705047607421875,
  "params_m": 1.750024,
  "compression_ratio": 11.754865001521361,
  "param_efficiency_top1_per_m": 22.113982436812297,
  "macs": 80792576,
  "flops": 161585152,
  "fp32_latency_ms_per_image": 0.09355670680015464,
  "fp32_throughput_img_per_s": 10688.704575034775,
  "int8_latency_ms_per_image": 0.46981944729996034,
  "int8_throughput_img_per_s": 2128.4772389626974,
  "avg_epoch_time_s": 20.932723719140757,
  "total_training_time_s": 965.082722902298,
  "peak_gpu_mem_mb": 786.240234375
}