{
  "model_name": "alexnet_3x3_gap",
  "mode": "fp32+qat+int8",
  "epochs": 43,
  "best_val_top1": 40.41,
  "best_val_top5": 66.33,
  "final_val_top1": 40.31,
  "final_val_top5": 65.83,
  "best_val_loss": 3.144934210586548,
  "final_train_loss": 3.0509812864097388,
  "fp32_top1": 40.316811203956604,
  "fp32_top5": 66.32042527198792,
  "fp32_loss": 2.6120641231536865,
  "fp32_top1_top5_gap": 26.00361406803131,
  "int8_top1": 37.023475766181946,
  "int8_top5": 62.888675928115845,
  "int8_loss": 2.774449110031128,
  "int8_top1_top5_gap": 25.8652001619339,
  "quantization_drop_top1": 3.293335437774658,
  "fp32_size_mb": 26.37101173400879,
  "int8_size_mb": 2.232471466064453,
  "params_m": 2.302984,
  "compression_ratio": 11.812474262211886,
  "param_efficiency_top1_per_m": 17.546800151455678,
  "macs": 166987776,
  "flops": 333975552,
  "fp32_latency_ms_per_image": 0.1008271518003312,
  "fp32_throughput_img_per_s": 9917.963387285876,
  "int8_latency_ms_per_image": 0.7576899915002286,
  "int8_throughput_img_per_s": 1319.800988818655,
  "avg_epoch_time_s": 22.690977446886958,
  "total_training_time_s": 213.60753870010376,
  "peak_gpu_mem_mb": 938.462890625
}