{
  "model_name": "alexnet_tv",
  "mode": "fp32+qat+int8",
  "epochs": 13,
  "best_val_top1": 24.27,
  "best_val_top5": 49.21,
  "final_val_top1": 24.13,
  "final_val_top5": 48.26,
  "best_val_loss": 3.754711817932129,
  "final_train_loss": 3.9761897366213086,
  "fp32_top1": 24.28814321756363,
  "fp32_top5": 49.215373396873474,
  "fp32_loss": 3.4389357566833496,
  "fp32_top1_top5_gap": 24.927230179309845,
  "int8_top1": 26.27626061439514,
  "int8_top5": 51.75224542617798,
  "int8_loss": 3.3020150661468506,
  "int8_top1_top5_gap": 25.475984811782837,
  "quantization_drop_top1": -1.9881173968315125,
  "fp32_size_mb": 661.7541408538818,
  "int8_size_mb": 55.33261299133301,
  "params_m": 57.82324,
  "compression_ratio": 11.959567876498717,
  "param_efficiency_top1_per_m": 0.4197274313926373,
  "macs": 94868416,
  "flops": 189736832,
  "fp32_latency_ms_per_image": 0.0956599326000287,
  "fp32_throughput_img_per_s": 10453.697518073517,
  "int8_latency_ms_per_image": 0.516378368200094,
  "int8_throughput_img_per_s": 1936.564468193418,
  "avg_epoch_time_s": 47.39416534022281,
  "total_training_time_s": 925.3677396774292,
  "peak_gpu_mem_mb": 1815.32568359375
}