{
  "model_name": "alexnet_stacked",
  "mode": "fp32+qat+int8",
  "epochs": 77,
  "best_val_top1": 44.63,
  "best_val_top5": 70.77,
  "final_val_top1": 44.61,
  "final_val_top5": 70.83,
  "best_val_loss": 2.890999200439453,
  "final_train_loss": 2.6369916802619295,
  "fp32_top1": 44.5596843957901,
  "fp32_top5": 70.79172134399414,
  "fp32_loss": 2.386047124862671,
  "fp32_top1_top5_gap": 26.23203694820404,
  "int8_top1": 42.79284477233887,
  "int8_top5": 68.71417760848999,
  "int8_loss": 2.470658302307129,
  "int8_top1_top5_gap": 25.921332836151123,
  "quantization_drop_top1": 1.766839623451233,
  "fp32_size_mb": 692.2546691894531,
  "int8_size_mb": 57.94155311584473,
  "params_m": 60.483976,
  "compression_ratio": 11.947464849715063,
  "param_efficiency_top1_per_m": 0.7378813853110451,
  "macs": 506085376,
  "flops": 1012170752,
  "fp32_latency_ms_per_image": 0.14089652559996466,
  "fp32_throughput_img_per_s": 7097.407091777505,
  "int8_latency_ms_per_image": 1.7811534354001195,
  "int8_throughput_img_per_s": 561.4339450634466,
  "avg_epoch_time_s": 57.80048368925072,
  "total_training_time_s": 4902.867258548737,
  "peak_gpu_mem_mb": 1864.59130859375
}