{
  "model_name": "alexnet_small_kernel",
  "mode": "fp32+qat+int8",
  "epochs": 62,
  "best_val_top1": 45.84,
  "best_val_top5": 70.95,
  "final_val_top1": 45.3,
  "final_val_top5": 71.3,
  "best_val_loss": Infinity,
  "final_train_loss": 2.861518645354389,
  "fp32_top1": 45.836564898490906,
  "fp32_top5": 71.07693552970886,
  "fp32_loss": 2.3493072986602783,
  "fp32_top1_top5_gap": 25.240370631217957,
  "int8_top1": 36.162835359573364,
  "int8_top5": 61.6033136844635,
  "int8_loss": 3.1117703914642334,
  "int8_top1_top5_gap": 25.440478324890137,
  "quantization_drop_top1": 9.673729538917542,
  "fp32_size_mb": 18.353315353393555,
  "int8_size_mb": 1.5610408782958984,
  "params_m": 1.602376,
  "compression_ratio": 11.757101052618717,
  "param_efficiency_top1_per_m": 28.60751783601352,
  "macs": 460179456,
  "flops": 920358912,
  "fp32_latency_ms_per_image": 0.15241547669938882,
  "fp32_throughput_img_per_s": 6561.01349846718,
  "int8_latency_ms_per_image": 1.7417037838000398,
  "int8_throughput_img_per_s": 574.1504435491353,
  "avg_epoch_time_s": 23.74463478848338,
  "total_training_time_s": 24.23272156715393,
  "peak_gpu_mem_mb": 1038.20849609375
}