{
  "model_name": "alexnet_2x2",
  "mode": "fp32+qat+int8",
  "epochs": 27,
  "best_val_top1": 30.09,
  "best_val_top5": 55.51,
  "final_val_top1": 29.42,
  "final_val_top5": 55.13,
  "best_val_loss": 3.5567925559997557,
  "final_train_loss": 3.6671850621954647,
  "fp32_top1": 30.023813247680664,
  "fp32_top5": 55.55385947227478,
  "fp32_loss": 3.16207218170166,
  "fp32_top1_top5_gap": 25.530046224594116,
  "int8_top1": 30.88858127593994,
  "int8_top5": 56.483012437820435,
  "int8_loss": 3.104257822036743,
  "int8_top1_top5_gap": 25.594431161880493,
  "quantization_drop_top1": -0.8647680282592773,
  "fp32_size_mb": 12.062768936157227,
  "int8_size_mb": 1.0399894714355469,
  "params_m": 1.052744,
  "compression_ratio": 11.59893370795996,
  "param_efficiency_top1_per_m": 28.582447394618256,
  "macs": 36542464,
  "flops": 73084928,
  "fp32_latency_ms_per_image": 0.09340629540020018,
  "fp32_throughput_img_per_s": 10705.916509326167,
  "int8_latency_ms_per_image": 0.3325432800997078,
  "int8_throughput_img_per_s": 3007.127372112785,
  "avg_epoch_time_s": 20.96354306827892,
  "total_training_time_s": 693.1987240314484,
  "peak_gpu_mem_mb": 773.8046875
}