{
  "model_name": "alexnet_tv",
  "mode": "fp32+qat+int8",
  "epochs": 67,
  "best_val_top1": 32.26,
  "best_val_top5": 57.65,
  "final_val_top1": 32.2,
  "final_val_top5": 57.45,
  "best_val_loss": 3.4011261268615725,
  "final_train_loss": 3.439386321843773,
  "fp32_top1": 32.20268785953522,
  "fp32_top5": 57.60788321495056,
  "fp32_loss": 3.0082573890686035,
  "fp32_top1_top5_gap": 25.405195355415344,
  "int8_top1": 26.27626061439514,
  "int8_top5": 51.75224542617798,
  "int8_loss": 3.3020150661468506,
  "int8_top1_top5_gap": 25.475984811782837,
  "quantization_drop_top1": 5.926427245140076,
  "fp32_size_mb": 661.7543239593506,
  "int8_size_mb": 55.33261299133301,
  "params_m": 57.82324,
  "compression_ratio": 11.959571185676774,
  "param_efficiency_top1_per_m": 0.5579071667378029,
  "macs": 94868416,
  "flops": 189736832,
  "fp32_latency_ms_per_image": 0.10043994799998472,
  "fp32_throughput_img_per_s": 9956.197906436113,
  "int8_latency_ms_per_image": 0.5203079427999909,
  "int8_throughput_img_per_s": 1921.9387553812628,
  "avg_epoch_time_s": 48.91297875691767,
  "total_training_time_s": 2734.5363073349,
  "peak_gpu_mem_mb": 1957.52685546875
}