{
  "model_name": "alexnet_small_kernel",
  "mode": "fp32+qat+int8",
  "epochs": 57,
  "best_val_top1": 45.84,
  "best_val_top5": 70.95,
  "final_val_top1": 45.04,
  "final_val_top5": 70.68,
  "best_val_loss": 2.968019856262207,
  "final_train_loss": 2.8692005884596496,
  "fp32_top1": 45.836564898490906,
  "fp32_top5": 71.07693552970886,
  "fp32_loss": 2.3493072986602783,
  "fp32_top1_top5_gap": 25.240370631217957,
  "int8_top1": 35.94608008861542,
  "int8_top5": 61.60731911659241,
  "int8_loss": 3.1197876930236816,
  "int8_top1_top5_gap": 25.66123902797699,
  "quantization_drop_top1": 9.890484809875488,
  "fp32_size_mb": 18.353315353393555,
  "int8_size_mb": 1.5610408782958984,
  "params_m": 1.602376,
  "compression_ratio": 11.757101052618717,
  "param_efficiency_top1_per_m": 28.60751783601352,
  "macs": 460179456,
  "flops": 920358912,
  "fp32_latency_ms_per_image": 0.15097547709992795,
  "fp32_throughput_img_per_s": 6623.592249608312,
  "int8_latency_ms_per_image": 1.7202708196997263,
  "int8_throughput_img_per_s": 581.3038206243307,
  "avg_epoch_time_s": 23.737231137260558,
  "total_training_time_s": 1498.8661177158356,
  "peak_gpu_mem_mb": 893.736328125
}