{
  "model_name": "alexnet_3x3",
  "mode": "fp32+qat+int8",
  "epochs": 32,
  "best_val_top1": 35.85,
  "best_val_top5": 61.33,
  "final_val_top1": 35.23,
  "final_val_top5": 61.32,
  "best_val_loss": 3.3482005210876467,
  "final_train_loss": 2.8430790211025037,
  "fp32_top1": 35.78716218471527,
  "fp32_top5": 61.28220558166504,
  "fp32_loss": 2.884495735168457,
  "fp32_top1_top5_gap": 25.495043396949768,
  "int8_top1": 36.19011640548706,
  "int8_top5": 61.98274493217468,
  "int8_loss": 2.861196279525757,
  "int8_top1_top5_gap": 25.792628526687622,
  "quantization_drop_top1": -0.40295422077178955,
  "fp32_size_mb": 659.2580509185791,
  "int8_size_mb": 55.124595642089844,
  "params_m": 57.605128,
  "compression_ratio": 11.959417447684807,
  "param_efficiency_top1_per_m": 0.6223404277480297,
  "macs": 222281728,
  "flops": 444563456,
  "fp32_latency_ms_per_image": 0.09834567809994041,
  "fp32_throughput_img_per_s": 10168.215007717821,
  "int8_latency_ms_per_image": 0.9284562449996883,
  "int8_throughput_img_per_s": 1077.056679176449,
  "avg_epoch_time_s": 47.231611251831055,
  "total_training_time_s": 1838.8481831550598,
  "peak_gpu_mem_mb": 1809.38427734375
}