{
  "train_loss_bbox": [
    2.6432227786612397,
    2.495851016159795,
    2.477306180069412,
    2.4814339759845088,
    2.477078704096845,
    2.474991532339566,
    2.4727842941376323,
    2.4685964241119973,
    2.462455246183607,
    2.4623653409561674,
    2.4610509794115445,
    2.454815704465488,
    2.4580210333285124,
    2.456507589045354,
    2.4546576836258893,
    2.448621202321444,
    2.450313885545961,
    2.444402789839224,
    2.4463268137208507,
    2.4460557347910417,
    2.442122651298265,
    2.4461886889692668,
    2.4412570501871156,
    2.442772282955151,
    2.4407080406152106,
    2.4416684567640368,
    2.441205902606393,
    2.4413944822578615,
    2.438807455468293,
    2.439670343445119
  ],
  "train_loss_cls": [
    11.511216814160923,
    5.563652131638089,
    4.86433426907673,
    4.831796571943495,
    4.81205962959695,
    4.784067358486895,
    4.7371908641667755,
    4.7080126665640565,
    4.6744736754375955,
    4.65653492955194,
    4.640667512681749,
    4.623086933928412,
    4.6074975787729455,
    4.58422741037636,
    4.573812069639492,
    4.563468487596742,
    4.556386388557545,
    4.545453565017037,
    4.5321375192651425,
    4.529667274272384,
    4.520106784387488,
    4.5101108680024815,
    4.501616836170068,
    4.500773985259199,
    4.511026399262286,
    4.492999450020168,
    4.4867952975673955,
    4.490071515990916,
    4.4903236504338215,
    4.481665004739439
  ],
  "train_loss_total": [
    14.154439592822163,
    8.059503147797884,
    7.3416404491461424,
    7.313230547928004,
    7.289138333693796,
    7.259058890826461,
    7.209975158304408,
    7.176609090676054,
    7.136928921621203,
    7.1189002705081075,
    7.101718492093294,
    7.077902638393899,
    7.065518612101458,
    7.040734999421714,
    7.028469753265381,
    7.012089689918186,
    7.0067002741035065,
    6.989856354856261,
    6.978464332985993,
    6.975723009063426,
    6.962229435685753,
    6.956299556971748,
    6.942873886357184,
    6.94354626821435,
    6.951734439877496,
    6.934667906784204,
    6.928001200173789,
    6.931465998248777,
    6.929131105902115,
    6.921335348184558
  ],
  "val_mAP": [
    0.0001081802838598378,
    0.00018169949180446565,
    0.00019313441589474678,
    0.0005036064540036023,
    0.0004551438323687762,
    0.0009118884918279946,
    0.0011335916351526976,
    0.0015682840021327138,
    0.0017370304558426142,
    0.0020855646580457687,
    0.0016907152021303773,
    0.0017889688024297357,
    0.0024820598773658276,
    0.00300023565068841,
    0.003368198173120618,
    0.002809877973049879,
    0.0030727835837751627,
    0.0036487895995378494,
    0.003454355988651514,
    0.004359483253210783,
    0.004455468151718378,
    0.004659239202737808,
    0.004375153686851263,
    0.004835637751966715,
    0.00465776864439249,
    0.004998334217816591,
    0.004627135582268238,
    0.004666163120418787,
    0.004819974768906832,
    0.004899849183857441
  ],
  "val_mAP50": [
    0.0005794396274723113,
    0.0009808685863390565,
    0.0009461222216486931,
    0.0021695171017199755,
    0.002201833762228489,
    0.004190738778561354,
    0.00503148278221488,
    0.00661625899374485,
    0.007376210764050484,
    0.008573048748075962,
    0.008231687359511852,
    0.008374342694878578,
    0.011177055537700653,
    0.012606153264641762,
    0.014425501227378845,
    0.013087411411106586,
    0.013998533599078655,
    0.01613929122686386,
    0.014963186345994473,
    0.01851975917816162,
    0.018518464639782906,
    0.019140727818012238,
    0.01846391148865223,
    0.01987283304333687,
    0.01948380097746849,
    0.02047916129231453,
    0.019727999344468117,
    0.019390443339943886,
    0.019975535571575165,
    0.019828375428915024
  ],
  "epoch_time_s": [
    533.4864928722382,
    423.0918583869934,
    297.54722142219543,
    296.3388979434967,
    352.454306602478,
    295.32843136787415,
    304.57797861099243,
    300.1610963344574,
    300.7967858314514,
    308.1994638442993,
    304.1738500595093,
    304.9410972595215,
    409.4123251438141,
    302.52572321891785,
    303.9184775352478,
    306.71841382980347,
    305.9179382324219,
    307.5221700668335,
    308.9209852218628,
    319.5365025997162,
    315.9417042732239,
    311.5395510196686,
    316.3303666114807,
    313.3348140716553,
    313.92971444129944,
    312.924569606781,
    324.9568626880646,
    334.382666349411,
    334.18772315979004,
    330.4111678600311
  ],
  "peak_gpu_mem_mb": [
    9077.2138671875,
    9080.30712890625,
    9080.82763671875,
    9074.67919921875,
    9074.97802734375,
    9067.38818359375,
    9083.42822265625,
    9074.5029296875,
    9073.328125,
    9072.41845703125,
    9070.04638671875,
    9072.3583984375,
    9087.56640625,
    9089.64599609375,
    9071.072265625,
    9075.1865234375,
    9072.8837890625,
    9078.52099609375,
    9073.02783203125,
    9074.20849609375,
    9069.26416015625,
    9087.1962890625,
    9076.07373046875,
    9080.884765625,
    9069.89208984375,
    9085.0341796875,
    9077.21533203125,
    9080.20263671875,
    9071.083984375,
    9070.21826171875
  ],
  "lr": [
    5.5e-05,
    0.0001,
    9.968561049466214e-05,
    9.874639560909117e-05,
    9.719416651541837e-05,
    9.504844339512094e-05,
    9.23362099614142e-05,
    8.90915741234015e-05,
    8.535533905932738e-05,
    8.117449009293668e-05,
    7.660160382576683e-05,
    7.169418695587791e-05,
    6.651395309775837e-05,
    6.112604669781572e-05,
    5.5598223805165385e-05,
    5e-05,
    4.440177619483462e-05,
    3.887395330218428e-05,
    3.3486046902241643e-05,
    2.83058130441221e-05,
    2.3398396174233178e-05,
    1.8825509907063327e-05,
    1.4644660940672627e-05,
    1.0908425876598526e-05,
    7.663790038585793e-06,
    4.951556604879048e-06,
    2.805833484581621e-06,
    1.2536043909088134e-06,
    3.143895053378698e-07,
    0.0
  ],
  "images_per_sec": [
    31.041085803021197,
    39.14043646014315,
    55.65503156388982,
    55.88196525978009,
    46.98481388873337,
    56.07316546970763,
    54.37031290154586,
    55.1703741831615,
    55.0537797610618,
    53.731436756703836,
    54.44254986666396,
    54.30556966188961,
    40.44822049307621,
    54.739146885756305,
    54.48829611907821,
    53.99088953684099,
    54.13216399039177,
    53.84977608736642,
    53.605940652127714,
    51.82506494647572,
    52.414732768799155,
    53.15536966590322,
    52.3503329047733,
    52.85081406949232,
    52.75066117736521,
    52.92010154654583,
    50.96061016534499,
    49.52409818604573,
    49.552987295352935,
    50.11937128897275
  ],
  "avg_batch_time_s": [
    0.5154458868330803,
    0.408784404238641,
    0.2874852380890777,
    0.2863177757908181,
    0.34053556193476137,
    0.2853414795824871,
    0.2942782402038574,
    0.2900107210960941,
    0.29062491384681294,
    0.2977772597529462,
    0.29388777783527464,
    0.29462907947779854,
    0.39556746390706676,
    0.2922953847525776,
    0.2936410410968578,
    0.2963462935553657,
    0.29557288718108393,
    0.29712286962979084,
    0.29847438185687225,
    0.3087309203861992,
    0.305257685288139,
    0.30100439712045274,
    0.30563320445553693,
    0.3027389507938698,
    0.3033137337597096,
    0.3023425793302232,
    0.31396798327349235,
    0.32307503995112175,
    0.3228866890432754,
    0.31923784334302524
  ],
  "cpu_percent": [
    16.0,
    18.5,
    26.7,
    27.2,
    23.1,
    28.0,
    26.8,
    27.0,
    27.1,
    26.4,
    26.9,
    26.9,
    20.0,
    27.1,
    27.1,
    26.6,
    26.8,
    26.9,
    26.5,
    25.9,
    26.1,
    26.4,
    26.5,
    26.7,
    26.6,
    26.8,
    25.5,
    25.0,
    25.1,
    25.3
  ],