{
  "model_name": "alexnet_tv",
  "mode": "fp32+qat+int8",
  "epochs": 79,
  "best_val_top1": 32.94,
  "best_val_top5": 58.19,
  "final_val_top1": 32.84,
  "final_val_top5": 58.31,
  "best_val_loss": 3.3857726776123047,
  "final_train_loss": 3.3926777213939054,
  "fp32_top1": 32.88792073726654,
  "fp32_top5": 58.219730854034424,
  "fp32_loss": 2.993847608566284,
  "fp32_top1_top5_gap": 25.331810116767883,
  "int8_top1": 31.90320134162903,
  "int8_top5": 57.23748803138733,
  "int8_loss": 3.041804075241089,
  "int8_top1_top5_gap": 25.3342866897583,
  "quantization_drop_top1": 0.9847193956375122,
  "fp32_size_mb": 661.7541408538818,
  "int8_size_mb": 55.33261299133301,
  "params_m": 57.82324,
  "compression_ratio": 11.959567876498717,
  "param_efficiency_top1_per_m": 0.5696671442139873,
  "macs": 94868416,
  "flops": 189736832,
  "fp32_latency_ms_per_image": 0.13480625230004079,
  "fp32_throughput_img_per_s": 7418.053561598028,
  "int8_latency_ms_per_image": 0.6617911908999304,
  "int8_throughput_img_per_s": 1511.050636138205,
  "avg_epoch_time_s": 48.01129863963408,
  "total_training_time_s": 4176.509352207184,
  "peak_gpu_mem_mb": 1409.85888671875
}