model,precision,top1_%,top5_%,loss,params_M,size_MB
mobilenetv2,FP32,57.99558162689209,81.51498436927795,1.7545263767242432,2.480072,28.751924514770508
resnet18_tv,FP32,53.91363501548767,77.79748439788818,1.9659439325332642,11.279112,129.20868110656738
vgg_style,FP32,51.81480646133423,75.88169574737549,2.0700058937072754,2.405288,27.58481216430664
alexnet_tv,FP32,32.88792073726654,58.219730854034424,2.993847608566284,57.82324,661.7541408538818
vgg_style_INT8,INT8,51.188743114471436,75.5200743675232,2.093930959701538,2.405288,2.3767032623291016
alexnet_tv_INT8,INT8,31.90320134162903,57.23748803138733,3.041804075241089,57.82324,55.33261299133301
