{
  "model_name": "vgg_style",
  "mode": "fp32+qat+int8",
  "epochs": 62,
  "best_val_top1": 51.85,
  "best_val_top5": 75.83,
  "final_val_top1": 51.68,
  "final_val_top5": 75.68,
  "best_val_loss": 2.725707002258301,
  "final_train_loss": 2.1750824637128146,
  "fp32_top1": 51.81480646133423,
  "fp32_top5": 75.88169574737549,
  "fp32_loss": 2.0700058937072754,
  "fp32_top1_top5_gap": 24.06688928604126,
  "int8_top1": 51.188743114471436,
  "int8_top5": 75.5200743675232,
  "int8_loss": 2.093930959701538,
  "int8_top1_top5_gap": 24.331331253051758,
  "quantization_drop_top1": 0.626063346862793,
  "fp32_size_mb": 27.58481216430664,
  "int8_size_mb": 2.3767032623291016,
  "params_m": 2.405288,
  "compression_ratio": 11.606334118999067,
  "param_efficiency_top1_per_m": 21.556670136798587,
  "macs": 231086080,
  "flops": 462172160,
  "fp32_latency_ms_per_image": 0.13071144740006277,
  "fp32_throughput_img_per_s": 7650.439344760251,
  "int8_latency_ms_per_image": 1.3151550196000243,
  "int8_throughput_img_per_s": 760.3666374661507,
  "avg_epoch_time_s": 29.492008917471942,
  "total_training_time_s": 2009.6125140190125,
  "peak_gpu_mem_mb": 504.4853515625
}