{
  "model_name": "alexnet_final_depthwise_fire",
  "mode": "fp32+qat+int8",
  "epochs": 70,
  "best_val_top1": 43.53,
  "best_val_top5": 69.01,
  "final_val_top1": 43.51,
  "final_val_top5": 69.12,
  "best_val_loss": 3.013450827407837,
  "final_train_loss": 3.141805209272447,
  "fp32_top1": 43.45587491989136,
  "fp32_top5": 69.02325749397278,
  "fp32_loss": 2.443448305130005,
  "fp32_top1_top5_gap": 25.56738257408142,
  "int8_top1": 42.78924763202667,
  "int8_top5": 68.95307302474976,
  "int8_loss": 2.452214002609253,
  "int8_top1_top5_gap": 26.163825392723083,
  "quantization_drop_top1": 0.6666272878646851,
  "fp32_size_mb": 5.511262893676758,
  "int8_size_mb": 0.5093898773193359,
  "params_m": 0.474921,
  "compression_ratio": 10.81934121400248,
  "param_efficiency_top1_per_m": 91.65734932757238,
  "macs": 30080000,
  "flops": 60160000,
  "fp32_latency_ms_per_image": 0.09235715100003289,
  "fp32_throughput_img_per_s": 10827.531914660769,
  "int8_latency_ms_per_image": 0.3769649521000247,
  "int8_throughput_img_per_s": 2652.7665090060095,
  "avg_epoch_time_s": 21.5528185649922,
  "total_training_time_s": 1640.651290178299,
  "peak_gpu_mem_mb": 105.54833984375
}