{
  "train_loss_bbox": [
    2.6927108725487896,
    2.5997333211023452,
    2.5339153393455174,
    2.4822141460750413,
    2.43949294504912,
    2.4153756234956822,
    2.389167531216202,
    2.3699984173843824,
    2.348602813338312,
    2.332216168371376,
    2.3198117443904787,
    2.304175016499948,
    2.2913487767251794,
    2.2784465838169705,
    2.267956730824162,
    2.257612527280614,
    2.2505604757778888,
    2.242039583961745,
    2.234473096575714,
    2.2249002308085344,
    2.219764214552543,
    2.214604298043366,
    2.2081040046065326,
    2.204044182634584,
    2.199480582780884,
    2.195940609945767,
    2.195489043544456,
    2.19345304309458,
    2.1942989168535685,
    2.1931835112364397
  ],
  "train_loss_cls": [
    5.8569047195324,
    4.592161024019914,
    4.484098768003896,
    4.40106904172667,
    4.330574751591337,
    4.273205048104991,
    4.2299527804056805,
    4.1713901704060286,
    4.1382476138607895,
    4.1065357127627315,
    4.071390300557233,
    4.037963802227075,
    4.013592453509713,
    3.9857410976852194,
    3.9552773871859492,
    3.937736411255915,
    3.9171058293126055,
    3.8939905627338205,
    3.879828593350839,
    3.8632725890707853,
    3.846761639221855,
    3.8358636360813456,
    3.8263913067066726,
    3.808934621534486,
    3.806768291123247,
    3.7967647112510057,
    3.7904796971215142,
    3.7846467702285103,
    3.7881641993776034,
    3.7886204357884354
  ],
  "train_loss_total": [
    8.549615592081189,
    7.191894345122259,
    7.018014107349414,
    6.883283187801711,
    6.7700676966404565,
    6.688580671600674,
    6.619120311621883,
    6.541388587790411,
    6.486850427199101,
    6.438751881134108,
    6.391202044947712,
    6.342138818727023,
    6.304941230234893,
    6.2641876815021895,
    6.223234118010112,
    6.195348938536529,
    6.167666305090494,
    6.136030146695566,
    6.1143016899265525,
    6.08817281987932,
    6.066525853774397,
    6.050467934124711,
    6.034495311313205,
    6.0129788041690695,
    6.006248873904131,
    5.992705321196773,
    5.98596874066597,
    5.97809981332309,
    5.982463116231171,
    5.981803947024876
  ],
  "val_mAP": [
    0.0017465667333453894,
    0.002752340165898204,
    0.0038776479195803404,
    0.00577041320502758,
    0.008162867277860641,
    0.009588510729372501,
    0.010990837588906288,
    0.01187248807400465,
    0.01441579032689333,
    0.015121757052838802,
    0.01588926464319229,
    0.015563820488750935,
    0.01754814200103283,
    0.01815682090818882,
    0.018990585580468178,
    0.019086739048361778,
    0.020645465701818466,
    0.020830148831009865,
    0.020503230392932892,
    0.02162177860736847,
    0.02204449474811554,
    0.021680857986211777,
    0.02255305089056492,
    0.02278894931077957,
    0.02329694852232933,
    0.023502787575125694,
    0.022804489359259605,
    0.023602195084095,
    0.02330154925584793,
    0.02348713018000126
  ],
  "val_mAP50": [
    0.006867555435746908,
    0.009936399757862091,
    0.01399757619947195,
    0.0197277944535017,
    0.027835750952363014,
    0.031315721571445465,
    0.03602347895503044,
    0.038973499089479446,
    0.04595208913087845,
    0.04868430644273758,
    0.05268970504403114,
    0.05243690684437752,
    0.05739978328347206,
    0.058921653777360916,
    0.06199244409799576,
    0.06356443464756012,
    0.0661356970667839,
    0.06641870737075806,
    0.06783752888441086,
    0.07018081843852997,
    0.07124494016170502,
    0.07109908759593964,
    0.07262662798166275,
    0.07367134094238281,
    0.07512971013784409,
    0.07584744691848755,
    0.07410743832588196,
    0.07556038349866867,
    0.07458832859992981,
    0.07529719173908234
  ],
  "epoch_time_s": [
    193.8437705039978,
    84.74480390548706,
    77.94431161880493,
    71.10614919662476,
    71.90852499008179,
    75.66659665107727,
    73.73752498626709,
    85.75191068649292,
    90.34814977645874,
    82.12584590911865,
    81.51481604576111,
    79.36689257621765,
    71.38358879089355,
    89.76696920394897,
    85.73238897323608,
    91.31387305259705,
    100.1516387462616,
    95.18020391464233,
    97.80288553237915,
    81.31880140304565,
    72.55575966835022,
    80.91545009613037,
    93.53551244735718,
    93.16309642791748,
    90.1008574962616,
    94.78195476531982,
    86.55335927009583,
    90.15653371810913,
    82.99315929412842,
    81.12625408172607
  ],
  "peak_gpu_mem_mb": [
    1110.6162109375,
    1109.10205078125,
    1110.6591796875,
    1110.65869140625,
    1110.62060546875,
    1110.669921875,
    1110.59912109375,
    1110.640625,
    1110.6162109375,
    1110.62744140625,
    1110.60107421875,
    1110.6015625,
    1110.6484375,
    1110.60791015625,
    1110.63623046875,
    1110.59375,
    1110.64794921875,
    1110.6806640625,
    1110.5888671875,
    1110.61572265625,
    1110.61376953125,
    1110.626953125,
    1110.572265625,
    1110.59375,
    1110.61376953125,
    1110.65185546875,
    1110.62939453125,
    1110.6484375,
    1110.66943359375,
    1110.61328125
  ],
  "lr": [
    9.972609476841367e-05,
    9.890738003669029e-05,
    9.755282581475769e-05,
    9.567727288213003e-05,
    9.330127018922194e-05,
    9.045084971874738e-05,
    8.715724127386972e-05,
    8.345653031794292e-05,
    7.938926261462366e-05,
    7.500000000000001e-05,
    7.033683215379003e-05,
    6.545084971874738e-05,
    6.039558454088797e-05,
    5.522642316338269e-05,
    5.000000000000002e-05,
    4.4773576836617344e-05,
    3.9604415459112035e-05,
    3.4549150281252636e-05,
    2.966316784621e-05,
    2.5000000000000015e-05,
    2.0610737385376352e-05,
    1.654346968205711e-05,
    1.2842758726130304e-05,
    9.549150281252636e-06,
    6.698729810778068e-06,
    4.322727117869953e-06,
    2.447174185242324e-06,
    1.092619963309716e-06,
    2.7390523158633003e-07,
    0.0
  ],
  "images_per_sec": [
    85.4296217873995,
    195.41021085456512,
    212.45937844686432,
    232.8912504347242,
    230.29258356062917,
    218.85482806056976,
    224.58036126224934,
    193.11523052288587,
    183.2909698867447,
    201.6417586532439,
    203.1532524185969,
    208.65123305787856,
    231.98609485031338,
    184.47765527625168,
    193.15920387065964,
    181.35250916869327,
    165.34926644540943,
    173.98575879130306,
    169.32015768100786,
    203.6429425210364,
    228.23825531832577,
    204.65807185557446,
    177.0450555805759,
    177.75278661774482,
    183.79403326641034,
    174.71680174778595,
    191.32706274661575,
    183.68053115016448,
    199.534517553564,
    204.1262743786686
  ],
  "avg_batch_time_s": [
    0.18728866715362105,
    0.08187903758984257,
    0.07530851364135742,
    0.06870159342669059,
    0.06947683573920946,
    0.07310782285128238,
    0.07124398549397787,
    0.08285208761979992,
    0.08729289833474274,
    0.0793486433904528,
    0.07875827637271604,
    0.07668298799634556,
    0.06896965100569426,
    0.08673137121154491,
    0.08283322606109766,
    0.08822596430202613,
    0.09676486835387593,
    0.09196154967598293,
    0.09449554157717792,
    0.07856889024448856,
    0.07010218325444466,
    0.07817917883684093,
    0.090372475794548,
    0.09001265355354346,
    0.08705396859542183,
    0.0915767678891979,
    0.08362643407738728,
    0.08710776204648225,
    0.08018662733732214,
    0.07838285418524259
  ],
  "cpu_percent": [
    3.2,
    6.4,
    7.0,
    7.7,
    7.8,
    6.9,
    8.0,
    7.0,
    6.2,
    7.3,
    7.4,
    7.1,
    8.0,
    6.3,
    6.8,
    6.4,
    6.3,
    6.0,
    6.1,
    7.4,
    7.4,
    7.5,
    6.9,
    6.7,
    6.6,
    6.4,
    6.5,
    6.7,
    6.6,
    7.2
  ],